day,city,min_temp,max_temp,humidity
1,Brisbane,13.3,22.8,64
2,Brisbane,14.1,20.3,80
3,Brisbane,14.6,19.4,67
4,Brisbane,14.4,21.9,49
5,Brisbane,11.3,21.2,55
6,Brisbane,11.7,21.7,57
7,Brisbane,11,21,58
8,Brisbane,10,21.5,57
9,Brisbane,14.4,23.7,60
10,Brisbane,11.4,25.5,36
11,Brisbane,12.9,25.4,32
12,Brisbane,16.4,23.2,36
13,Brisbane,13.9,25,48
14,Brisbane,13.8,23.5,48
15,Brisbane,14.3,22.2,63
16,Brisbane,16.3,22.7,67
17,Brisbane,15.2,29.6,26
18,Brisbane,11,27.3,25
19,Brisbane,11.9,28.8,28
20,Brisbane,13,27.7,37
21,Brisbane,16.2,23.4,79
22,Brisbane,17.4,20.9,81
23,Brisbane,15.8,25.8,55
24,Brisbane,15.6,27.9,36
25,Brisbane,15.1,26.9,48
26,Brisbane,14.3,26.8,48
27,Brisbane,17.3,25.6,62
28,Brisbane,16.9,25.8,55
29,Brisbane,16.4,22.6,42
30,Brisbane,12.1,27.9,44
31,Brisbane,15.1,22.7,75
32,Brisbane,12.7,18.5,74
33,Brisbane,11.9,22.9,55
34,Brisbane,12.8,22.3,55
35,Brisbane,13.2,24.1,48
36,Brisbane,16.4,23.2,79
37,Brisbane,14.8,24.5,54
38,Brisbane,16.9,24.9,60
39,Brisbane,19.4,27.2,54
40,Brisbane,18.7,21.9,61
41,Brisbane,14.7,23.6,45
42,Brisbane,15.2,24.2,53
43,Brisbane,15.3,25.9,54
44,Brisbane,16.9,26.1,67
45,Brisbane,16.1,26.2,53
46,Brisbane,15.7,25.1,60
47,Brisbane,17.6,24.6,60
48,Brisbane,15.9,25.8,59
49,Brisbane,20.1,23.2,73
50,Brisbane,18.3,24.4,68
51,Brisbane,21.2,24.3,89
52,Brisbane,19.6,22.1,87
53,Brisbane,17.6,25.1,85
54,Brisbane,16.7,31.3,39
55,Brisbane,18.6,29.4,64
56,Brisbane,20.1,32.4,27
57,Brisbane,19.3,34.3,45
58,Brisbane,18.6,31.6,27
59,Brisbane,16.7,30.7,25
60,Brisbane,14.8,30.1,31
61,Brisbane,17.6,28.1,69
62,Brisbane,20.6,26,58
63,Brisbane,15.6,23.7,26
64,Brisbane,12.8,24.3,26
65,Brisbane,13.8,24.9,41
66,Brisbane,15.5,25.1,50
67,Brisbane,15.6,25.6,51
68,Brisbane,15.5,25.7,43
69,Brisbane,14.7,25.2,64
70,Brisbane,14.7,25.3,49
71,Brisbane,15.9,25.7,45
72,Brisbane,14.4,26.2,41
73,Brisbane,15.8,28.4,56
74,Brisbane,17.6,27.7,59
75,Brisbane,20.6,28.8,66
76,Brisbane,20,33.3,21
77,Brisbane,16.6,30.1,25
78,Brisbane,16.8,24.8,37
79,Brisbane,13.7,27,36
80,Brisbane,15.1,28.3,55
81,Brisbane,20.8,34.5,42
82,Brisbane,21.2,34.3,19
83,Brisbane,20.6,30.7,14
84,Brisbane,18.4,27.6,24
85,Brisbane,16.9,28.6,51
86,Brisbane,17.6,32.4,38
87,Brisbane,17.3,33.9,51
88,Brisbane,19.8,29.4,81
89,Brisbane,21.1,31,60
90,Brisbane,21.2,28.5,71
91,Brisbane,21.5,22.6,72
92,Brisbane,15.8,22.3,91
93,Brisbane,16.1,25.2,50
94,Brisbane,16.2,26.2,52
95,Brisbane,16.6,26.6,58
96,Brisbane,17.8,29.2,53
97,Brisbane,19.4,35.4,43
98,Brisbane,18.9,30,59
99,Brisbane,20.3,29.8,69
100,Brisbane,21,26.5,54
101,Brisbane,20.9,26.1,55
102,Brisbane,16.9,27.6,53
103,Brisbane,20.5,29.6,68
104,Brisbane,21.7,30.9,61
105,Brisbane,20.6,32.8,19
106,Brisbane,18.6,29.2,45
107,Brisbane,19.2,27.3,53
108,Brisbane,18.1,26.5,50
109,Brisbane,17.5,27.1,47
110,Brisbane,17.2,26.4,47
111,Brisbane,16.2,27.1,49
112,Brisbane,16.7,27.4,56
113,Brisbane,19.1,26.8,50
114,Brisbane,19.2,29.1,54
115,Brisbane,21.3,27.7,61
116,Brisbane,21.2,27.9,67
117,Brisbane,19.1,28.7,53
118,Brisbane,19.9,28.2,50
119,Brisbane,19.7,28,48
120,Brisbane,18.6,28.1,56
121,Brisbane,21.4,27.9,82
122,Brisbane,20.8,28.7,53
123,Brisbane,20.1,28.4,59
124,Brisbane,19.4,29,53
125,Brisbane,18.1,31.8,51
126,Brisbane,20.7,31.9,58
127,Brisbane,21.9,27.5,72
128,Brisbane,20.2,29.2,58
129,Brisbane,19.6,29.3,55
130,Brisbane,20.3,29.5,55
131,Brisbane,21.7,29.6,57
132,Brisbane,20.7,30.3,52
133,Brisbane,20.1,29.4,52
134,Brisbane,21.2,28.8,52
135,Brisbane,19.7,29.1,51
136,Brisbane,20.9,26.4,68
137,Brisbane,19.8,28.1,49
138,Brisbane,21.6,27.6,65
139,Brisbane,20.6,28.7,50
140,Brisbane,19.9,28.8,45
141,Brisbane,17.9,29.6,49
142,Brisbane,21,28.5,54
143,Brisbane,19.1,29.2,49
144,Brisbane,19.2,29.1,58
145,Brisbane,19.7,30.2,54
146,Brisbane,22.5,31.1,60
147,Brisbane,21,31.3,61
148,Brisbane,22.4,33.1,53
149,Brisbane,24.3,33.4,43
150,Brisbane,22.4,32.9,63
151,Brisbane,24.4,32.1,55
152,Brisbane,24.3,32.3,51
153,Brisbane,22.7,34.4,59
154,Brisbane,25.3,34.8,56
155,Brisbane,24.9,32.3,63
156,Brisbane,24.1,35.4,63
157,Brisbane,26.4,31.4,79
158,Brisbane,21.6,32.4,51
159,Brisbane,21.2,31.1,48
160,Brisbane,20.4,29.7,53
161,Brisbane,21.8,30.5,42
162,Brisbane,21.8,28.8,50
163,Brisbane,19.9,31,44
164,Brisbane,20.4,33.3,44
165,Brisbane,21.6,35.7,38
166,Brisbane,24.2,34.4,57
167,Brisbane,23.9,30.4,85
168,Brisbane,19.7,29.1,53
169,Brisbane,19,28.8,48
170,Brisbane,18.4,29.8,47
171,Brisbane,20.7,31.3,53
172,Brisbane,21.3,30,54
173,Brisbane,21.9,28.1,57
174,Brisbane,20.9,29.8,50
175,Brisbane,20.5,29.3,53
176,Brisbane,20.3,28.9,41
177,Brisbane,20.1,28,80
178,Brisbane,18.7,29,45
179,Brisbane,18.6,30.5,54
180,Brisbane,20.8,31.1,52
181,Brisbane,22.4,30.9,53
182,Brisbane,20.4,31.2,59
183,Brisbane,23.8,29.3,70
184,Brisbane,21.6,30.7,55
185,Brisbane,19.9,30.8,46
186,Brisbane,19.2,30.2,44
187,Brisbane,20.1,30.8,46
188,Brisbane,21.1,32.2,53
189,Brisbane,24.3,31,59
190,Brisbane,24.1,30.2,53
191,Brisbane,22,29.7,77
192,Brisbane,22,28.9,72
193,Brisbane,22.8,30.3,90
194,Brisbane,21.9,32.5,59
195,Brisbane,21.5,31.5,55
196,Brisbane,22.4,31.7,61
197,Brisbane,22.5,34.9,55
198,Brisbane,23.8,36.6,48
199,Brisbane,23.5,33.1,59
200,Brisbane,22.8,31.6,51
201,Brisbane,20.4,31.6,49
202,Brisbane,21.8,30.1,45
203,Brisbane,21.4,26.6,75
204,Brisbane,19.4,28.8,55
205,Brisbane,19,31.2,56
206,Brisbane,22.1,30.9,67
207,Brisbane,20.5,28.7,68
208,Brisbane,20.9,31.3,54
209,Brisbane,21.5,30.9,63
210,Brisbane,23.8,26.8,71
211,Brisbane,20.1,31.4,35
212,Brisbane,16.4,30.2,18
213,Brisbane,20,25.4,51
214,Brisbane,16.1,28.2,46
215,Brisbane,18.1,28.1,52
216,Brisbane,19.2,29.3,69
217,Brisbane,18.3,31.2,34
218,Brisbane,18.8,29.6,57
219,Brisbane,19.2,25.6,74
220,Brisbane,17.8,28.8,29
221,Brisbane,16.8,27.9,28
222,Brisbane,12.6,26.8,28
223,Brisbane,14.3,27.5,26
224,Brisbane,13.1,28.3,21
225,Brisbane,15.2,28.8,28
226,Brisbane,15.4,28.1,42
227,Brisbane,16.4,27.6,50
228,Brisbane,16.9,29.1,53
229,Brisbane,19.8,29.9,55
230,Brisbane,18.4,27.6,41
231,Brisbane,17,27.7,36
232,Brisbane,15.9,28.2,37
233,Brisbane,17.8,26.1,61
234,Brisbane,17.3,26.8,48
235,Brisbane,16.4,27.6,33
236,Brisbane,17,25.9,88
237,Brisbane,17.6,24,61
238,Brisbane,15.9,24.4,78
239,Brisbane,16.3,25.1,63
240,Brisbane,17.7,25.6,55
241,Brisbane,15.3,25.1,64
242,Brisbane,16.4,25.1,42
243,Brisbane,12.9,24.5,26
244,Brisbane,12.5,23.9,33
245,Brisbane,14.2,27.4,35
246,Brisbane,12.2,27.2,30
247,Brisbane,14.9,24.7,52
248,Brisbane,13.9,26.3,50
249,Brisbane,15.3,27.2,40
250,Brisbane,9,21.8,20
251,Brisbane,7.8,23.1,28
252,Brisbane,10.1,24.7,49
253,Brisbane,13.7,23.7,53
254,Brisbane,15,24.3,55
255,Brisbane,13.6,24.3,45
256,Brisbane,15.2,22.9,80
257,Brisbane,16.2,24.2,72
258,Brisbane,16.6,19.9,81
259,Brisbane,14.2,24.6,47
260,Brisbane,13.8,23.6,34
261,Brisbane,9.6,22.3,28
262,Brisbane,8.8,22.6,31
263,Brisbane,7.3,22.4,29
264,Brisbane,10.1,23.4,34
265,Brisbane,9.3,24.1,30
266,Brisbane,10.2,24.2,48
267,Brisbane,10.9,24.8,39
268,Brisbane,10.1,27.1,22
269,Brisbane,10.6,22.9,36
270,Brisbane,9.6,22.4,31
271,Brisbane,8.9,21.5,29
272,Brisbane,8.3,22.9,29
273,Brisbane,8.5,23.8,39
274,Brisbane,9.5,25.1,39
275,Brisbane,11.8,24.6,48
276,Brisbane,13.4,24.1,67
277,Brisbane,17.5,22.5,73
278,Brisbane,15.7,22.4,55
279,Brisbane,14.4,22.8,46
280,Brisbane,14.1,22.7,55
281,Brisbane,13.5,24.1,59
282,Brisbane,14.3,22.9,39
283,Brisbane,10.2,23.6,46
284,Brisbane,10.7,23.7,41
285,Brisbane,14.6,21.3,58
286,Brisbane,13.4,25.3,45
287,Brisbane,10.9,24.9,23
288,Brisbane,9.4,21.9,30
289,Brisbane,7.3,21.9,35
290,Brisbane,8.5,22.6,41
291,Brisbane,10.3,23.7,53
292,Brisbane,8.2,23.2,23
293,Brisbane,8.9,20.8,29
294,Brisbane,7.9,20.9,30
295,Brisbane,8,21.8,50
296,Brisbane,11.4,24.4,50
297,Brisbane,8.6,25.1,24
298,Brisbane,8.1,26,41
299,Brisbane,12.6,24.8,19
300,Brisbane,11.3,23.2,27
301,Brisbane,10.9,25.7,50
302,Brisbane,14.8,22.1,42
303,Brisbane,9.3,20.5,25
304,Brisbane,9.8,19.5,40
305,Brisbane,10,21.3,46
306,Brisbane,13.5,18.9,68
307,Brisbane,14.7,20.6,97
308,Brisbane,16.4,24.6,50
309,Brisbane,12.3,22.9,52
310,Brisbane,13.4,22.4,30
311,Brisbane,6.7,21.9,27
312,Brisbane,7.4,20,40
313,Brisbane,8.7,23.2,45
314,Brisbane,9.7,23.9,31
315,Brisbane,10,20.9,60
316,Brisbane,13.7,22.5,47
317,Brisbane,11.1,22.7,55
318,Brisbane,10.4,20.7,54
319,Brisbane,9.9,25.1,34
320,Brisbane,14.2,19.1,90
321,Brisbane,14.4,21.9,62
322,Brisbane,12.5,24.7,33
323,Brisbane,9.5,22.2,42
324,Brisbane,8.4,25.3,27
325,Brisbane,10,22.3,30
326,Brisbane,8.7,22.9,34
327,Brisbane,12.7,19.7,46
328,Brisbane,11.9,22.6,43
329,Brisbane,11.1,23.1,50
330,Brisbane,12.1,22.5,43
331,Brisbane,14.8,24.4,38
332,Brisbane,10.9,25.4,33
333,Brisbane,11.2,25.7,43
334,Brisbane,11.9,28,31
335,Brisbane,13.3,25.8,55
336,Brisbane,15.1,23.5,49
337,Brisbane,13.1,20.8,72
338,Brisbane,13.1,22.9,63
339,Brisbane,12.1,23.4,44
340,Brisbane,12.7,19.3,67
341,Brisbane,12.4,21.6,74
342,Brisbane,12.2,22.6,52
343,Brisbane,11.8,22.9,49
344,Brisbane,10.3,23.3,49
345,Brisbane,9.9,27.8,25
346,Brisbane,10.1,26.4,40
347,Brisbane,12.1,29.1,17
348,Brisbane,13.1,27.9,44
349,Brisbane,11.3,26.1,56
350,Brisbane,14.5,23.7,46
351,Brisbane,14.7,24.2,70
352,Brisbane,16.7,25.1,46
353,Brisbane,13.4,22.4,19
354,Brisbane,8.7,23.3,31
355,Brisbane,11.4,24.4,44
356,Brisbane,12.4,25.9,47
357,Brisbane,14,28.1,49
358,Brisbane,13.6,24.3,46
359,Brisbane,13.2,25.3,49
360,Brisbane,11.8,24.1,40
361,Brisbane,14.2,24.7,48
362,Brisbane,13.4,24.7,48
363,Brisbane,13.2,25.5,48
364,Brisbane,13.7,25.7,55
365,Brisbane,13.5,25.2,46
1,Canberra,1.8,17.8,48
2,Canberra,2.8,14.6,50
3,Canberra,-0.6,14.1,48
4,Canberra,0.7,14.6,47
5,Canberra,-0.8,14.8,40
6,Canberra,-0.7,15.4,44
7,Canberra,6.3,16.7,45
8,Canberra,8.5,17.1,59
9,Canberra,9.8,14.5,74
10,Canberra,7.6,18.2,51
11,Canberra,4,15.1,42
12,Canberra,-0.5,14.9,57
13,Canberra,0.1,14.7,32
14,Canberra,-0.9,15.3,33
15,Canberra,5.8,13.2,94
16,Canberra,5.9,17.3,51
17,Canberra,6.8,13.7,50
18,Canberra,6.5,14.5,55
19,Canberra,6.2,15,40
20,Canberra,-2,18.6,33
21,Canberra,3.1,17.9,58
22,Canberra,10.7,17.1,67
23,Canberra,11.2,19.9,57
24,Canberra,10.1,17.9,53
25,Canberra,0.5,16.8,44
26,Canberra,3,19,43
27,Canberra,9.3,18,65
28,Canberra,7.4,14.2,70
29,Canberra,6.4,17.6,60
30,Canberra,4.1,17.5,59
31,Canberra,7.7,14.7,55
32,Canberra,4.1,18.4,43
33,Canberra,2.3,19.2,45
34,Canberra,4.1,19,45
35,Canberra,9.3,12,94
36,Canberra,8.6,15.7,89
37,Canberra,6.7,15.2,99
38,Canberra,11.7,19,87
39,Canberra,4.2,13.3,57
40,Canberra,2.2,16.4,46
41,Canberra,7,18.6,48
42,Canberra,9.8,18.9,55
43,Canberra,10.6,18.1,59
44,Canberra,11.5,15.7,63
45,Canberra,4.2,18.7,46
46,Canberra,2.8,18.5,47
47,Canberra,4.9,16.8,56
48,Canberra,8.5,19.8,53
49,Canberra,6.9,23,52
50,Canberra,11.3,20.7,63
51,Canberra,15.1,22.7,62
52,Canberra,12.8,21.1,91
53,Canberra,12.9,20.1,80
54,Canberra,13.7,19.1,70
55,Canberra,13.2,22.7,50
56,Canberra,12.4,20.6,64
57,Canberra,10.7,20.1,81
58,Canberra,10.8,15.6,51
59,Canberra,8.5,17,43
60,Canberra,2.3,18.9,49
61,Canberra,11,18,96
62,Canberra,8.5,13.9,69
63,Canberra,4.3,13.3,47
64,Canberra,5.5,17.2,49
65,Canberra,6.3,19.7,45
66,Canberra,10.6,20.7,43
67,Canberra,6.2,23.2,39
68,Canberra,8.7,23.3,81
69,Canberra,7.6,23,44
70,Canberra,9,24,46
71,Canberra,8.2,23,37
72,Canberra,9.4,22,69
73,Canberra,10.5,26.8,42
74,Canberra,14.8,23.3,75
75,Canberra,11.9,19,56
76,Canberra,10.1,17,45
77,Canberra,3,14.5,41
78,Canberra,3.3,18.2,36
79,Canberra,2.6,21.1,36
80,Canberra,7.8,22.4,52
81,Canberra,11.7,18.3,40
82,Canberra,8.3,12.9,50
83,Canberra,3.6,12.2,60
84,Canberra,9,19.5,51
85,Canberra,4.4,22.9,51
86,Canberra,5,24,34
87,Canberra,5.6,24,43
88,Canberra,10.2,25.2,41
89,Canberra,7.8,21.7,44
90,Canberra,5,22.1,42
91,Canberra,11.6,23.8,39
92,Canberra,9.8,20.3,54
93,Canberra,9.5,21.2,55
94,Canberra,6.8,26.4,46
95,Canberra,8.9,28.1,32
96,Canberra,9.8,27.7,48
97,Canberra,8.7,23.4,40
98,Canberra,6,24.9,34
99,Canberra,10.5,19.4,30
100,Canberra,0.9,20.9,33
101,Canberra,7.5,23,33
102,Canberra,7,28.4,34
103,Canberra,14.2,18.8,44
104,Canberra,7.2,18.8,42
105,Canberra,7.9,16.3,48
106,Canberra,1.3,19,37
107,Canberra,5.1,19,39
108,Canberra,5.2,20.6,41
109,Canberra,4.7,22.3,37
110,Canberra,6.1,22.3,35
111,Canberra,3.6,22.5,35
112,Canberra,8.1,24.7,45
113,Canberra,10.1,16.1,85
114,Canberra,8.8,27,39
115,Canberra,8.6,29.5,29
116,Canberra,10.3,31.7,27
117,Canberra,13,33.6,30
118,Canberra,11.2,32.3,17
119,Canberra,9.3,32.7,23
120,Canberra,17.1,24.3,68
121,Canberra,14.5,21.6,67
122,Canberra,13.4,25.5,49
123,Canberra,15.7,27.3,50
124,Canberra,17.4,30.5,42
125,Canberra,12.2,32.4,33
126,Canberra,14.9,24.9,59
127,Canberra,12.4,19.2,49
128,Canberra,9.6,20.8,53
129,Canberra,7.8,22,49
130,Canberra,5.6,27.8,29
131,Canberra,9.1,32.3,17
132,Canberra,9.7,29.8,37
133,Canberra,10.7,30.2,35
134,Canberra,17,32.9,28
135,Canberra,14.2,30.7,41
136,Canberra,18.1,29.7,39
137,Canberra,12.8,33.2,30
138,Canberra,16.7,26.8,49
139,Canberra,13.8,30.5,29
140,Canberra,13.9,31.3,59
141,Canberra,12.6,20.8,53
142,Canberra,6.2,21.7,47
143,Canberra,6.5,25.3,35
144,Canberra,11.4,23,59
145,Canberra,11.3,24.8,43
146,Canberra,9.5,29.1,34
147,Canberra,11,29.4,30
148,Canberra,10.2,33.6,25
149,Canberra,16.2,27.3,53
150,Canberra,16.9,34.8,22
151,Canberra,19.6,24.2,70
152,Canberra,17.6,21.3,99
153,Canberra,15.6,27.6,51
154,Canberra,14.5,29.6,22
155,Canberra,11.9,27.4,33
156,Canberra,10.2,18.8,36
157,Canberra,7.3,19.4,45
158,Canberra,10.9,27.9,26
159,Canberra,12.6,29.8,29
160,Canberra,15.3,28.5,40
161,Canberra,13.9,23.4,61
162,Canberra,15.1,22.8,71
163,Canberra,10,29.9,33
164,Canberra,11.8,33.9,25
165,Canberra,10.2,29.8,35
166,Canberra,14.5,24,58
167,Canberra,10.9,23.6,54
168,Canberra,12.1,28.3,38
169,Canberra,11.5,31.4,37
170,Canberra,14.1,33.7,25
171,Canberra,15.5,36.1,30
172,Canberra,9.2,30.8,28
173,Canberra,13.7,33.5,23
174,Canberra,17.9,29.7,86
175,Canberra,14.3,20.7,46
176,Canberra,9.7,22.5,47
177,Canberra,7.6,25,41
178,Canberra,9.6,27.8,37
179,Canberra,10.6,30.3,33
180,Canberra,13,28.3,30
181,Canberra,15.9,28.5,42
182,Canberra,12.2,27.2,33
183,Canberra,14.7,28.4,38
184,Canberra,16.5,25.8,50
185,Canberra,11.3,25.9,47
186,Canberra,10.7,30.7,34
187,Canberra,13.7,27.9,37
188,Canberra,9.8,24.9,27
189,Canberra,12.2,21.4,43
190,Canberra,9.8,22.9,34
191,Canberra,3.9,26.4,29
192,Canberra,11.1,27.5,26
193,Canberra,11.1,27.8,26
194,Canberra,13.3,24.7,48
195,Canberra,10.9,24.2,55
196,Canberra,11.3,29.1,36
197,Canberra,10.6,30.6,25
198,Canberra,16.2,30.6,19
199,Canberra,7.1,32.4,20
200,Canberra,10.2,37.4,12
201,Canberra,13.6,22.1,60
202,Canberra,12.9,18.6,64
203,Canberra,12.4,22,63
204,Canberra,9.7,21.1,86
205,Canberra,7.1,25.2,43
206,Canberra,12.9,19.2,91
207,Canberra,14,24.1,55
208,Canberra,15.3,23.8,68
209,Canberra,15.6,25.1,63
210,Canberra,14.8,22.6,68
211,Canberra,8.2,20.1,45
212,Canberra,4.1,21.2,46
213,Canberra,4.6,18.5,49
214,Canberra,3.1,19.2,53
215,Canberra,6.7,21.3,58
216,Canberra,9.9,24.3,39
217,Canberra,7.7,24.7,40
218,Canberra,7.2,21.7,47
219,Canberra,11.4,15.6,89
220,Canberra,7.3,18.3,55
221,Canberra,8.2,16.8,47
222,Canberra,0.7,16.5,45
223,Canberra,0.8,20.1,45
224,Canberra,3.9,15.2,90
225,Canberra,5.3,20,60
226,Canberra,6.2,20.4,50
227,Canberra,6.6,21.4,56
228,Canberra,13.1,15.9,63
229,Canberra,1.3,19.1,34
230,Canberra,3.5,21,42
231,Canberra,4,22,45
232,Canberra,11.4,17.5,59
233,Canberra,8.5,21.1,42
234,Canberra,2.1,21.7,45
235,Canberra,4.2,22.3,47
236,Canberra,4.8,21,46
237,Canberra,3.1,21.7,46
238,Canberra,2.2,21.3,43
239,Canberra,4.7,21.5,48
240,Canberra,4.3,22.1,52
241,Canberra,10.6,14.9,90
242,Canberra,8.5,10.8,99
243,Canberra,7.5,14.3,72
244,Canberra,6.5,16.6,57
245,Canberra,9.1,15.1,66
246,Canberra,-0.9,16.5,48
247,Canberra,-2.2,15.1,50
248,Canberra,-1.3,16.4,52
249,Canberra,3.9,7.8,93
250,Canberra,1.7,12.8,48
251,Canberra,-3.1,15.5,46
252,Canberra,-0.3,17,42
253,Canberra,1.7,17.3,45
254,Canberra,-2,18.8,47
255,Canberra,-0.4,17,59
256,Canberra,4.4,17.6,52
257,Canberra,4.6,19,39
258,Canberra,-1.6,18.2,43
259,Canberra,3.2,14.2,50
260,Canberra,-1.2,14.2,40
261,Canberra,-4.1,12.9,52
262,Canberra,-3.9,14.3,58
263,Canberra,2,15.3,42
264,Canberra,-4.8,14.7,53
265,Canberra,-0.7,13.7,58
266,Canberra,-4.3,14.1,59
267,Canberra,-0.8,17.1,39
268,Canberra,5.8,12.9,43
269,Canberra,-3.6,11.3,53
270,Canberra,-5.4,11.9,65
271,Canberra,-0.6,13.8,53
272,Canberra,6.2,14.1,71
273,Canberra,9.2,14.6,74
274,Canberra,9.7,18.4,56
275,Canberra,5.1,17.5,55
276,Canberra,7,19.4,85
277,Canberra,6.5,15.6,68
278,Canberra,7.7,15,67
279,Canberra,6.9,14.4,75
280,Canberra,7.7,16.4,76
281,Canberra,8.2,13.6,62
282,Canberra,7,13.7,47
283,Canberra,-2.7,13.5,55
284,Canberra,-3.5,15.2,43
285,Canberra,-2.1,11.3,70
286,Canberra,1.8,15.5,83
287,Canberra,6.1,11.5,60
288,Canberra,2.9,13.4,59
289,Canberra,-0.4,14.5,56
290,Canberra,-3,14.1,49
291,Canberra,-1,11.1,55
292,Canberra,2.8,10.2,71
293,Canberra,-5.6,9.7,64
294,Canberra,-7.2,12.5,50
295,Canberra,-0.1,9.1,64
296,Canberra,3.6,11.1,63
297,Canberra,6.7,12.5,53
298,Canberra,5.4,12.3,42
299,Canberra,4.1,11.3,65
300,Canberra,0.3,11.1,54
301,Canberra,3.9,7.7,99
302,Canberra,-3.3,10,64
303,Canberra,-0.5,12.8,67
304,Canberra,4.6,13.9,46
305,Canberra,-4.1,15.7,37
306,Canberra,-3.3,13.4,57
307,Canberra,3,12,96
308,Canberra,7.4,15,69
309,Canberra,-0.6,12.4,61
310,Canberra,2.5,11.8,74
311,Canberra,5.6,9.9,86
312,Canberra,6.2,11.8,72
313,Canberra,6.5,12.2,61
314,Canberra,-2,16,51
315,Canberra,-2.4,15.1,51
316,Canberra,-1.4,14.7,52
317,Canberra,0.2,15.5,47
318,Canberra,6.6,17.9,43
319,Canberra,-1.7,16.3,50
320,Canberra,-2.9,16.6,43
321,Canberra,-1.7,15.2,49
322,Canberra,-5.3,12.3,44
323,Canberra,-5.9,12,45
324,Canberra,-0.6,14.3,39
325,Canberra,-5.4,12.9,40
326,Canberra,-5.4,14.4,43
327,Canberra,-5,14.9,45
328,Canberra,-4,16.6,27
329,Canberra,-5.3,16.4,40
330,Canberra,-5.9,15.5,46
331,Canberra,1.2,14.1,87
332,Canberra,1.8,18.1,64
333,Canberra,4.7,17.1,36
334,Canberra,5.3,14.9,58
335,Canberra,5,16.2,52
336,Canberra,-1.2,16,60
337,Canberra,-1.4,18.4,51
338,Canberra,-0.6,18.7,48
339,Canberra,7.6,16.7,61
340,Canberra,6.6,14,59
341,Canberra,0,14.8,59
342,Canberra,-0.6,16.1,42
343,Canberra,0.5,16.2,49
344,Canberra,5.1,13.5,54
345,Canberra,-3.1,13.5,54
346,Canberra,-0.6,13.1,58
347,Canberra,4.9,11.3,79
348,Canberra,5.5,11.3,73
349,Canberra,1.5,13.1,51
350,Canberra,-0.2,14.2,46
351,Canberra,-5.8,16.4,31
352,Canberra,2.1,12.4,54
353,Canberra,2.7,13.1,62
354,Canberra,1.1,17.3,52
355,Canberra,2,16.4,63
356,Canberra,0.6,18.3,50
357,Canberra,1.1,15.4,61
358,Canberra,3.8,17,48
359,Canberra,-2.6,18.5,35
360,Canberra,-2,18.8,33
361,Canberra,2.1,18.6,42
362,Canberra,5.1,16,68
363,Canberra,-0.3,18.6,50
364,Canberra,-0.1,17.6,82
365,Canberra,2.1,16.3,49
1,Adelaide,3.6,14.9,68
2,Adelaide,6.5,14.1,57
3,Adelaide,5,15.5,66
4,Adelaide,8.1,16.2,53
5,Adelaide,6.2,15.3,60
6,Adelaide,7,18.2,49
7,Adelaide,10.7,19.5,65
8,Adelaide,12.1,17.5,71
9,Adelaide,12.6,15.8,79
10,Adelaide,10.4,15.1,59
11,Adelaide,8,14.6,75
12,Adelaide,7.8,15,67
13,Adelaide,4.8,21.1,49
14,Adelaide,14.7,18.6,61
15,Adelaide,8.1,19.5,86
16,Adelaide,12.2,15.6,66
17,Adelaide,11.3,15.8,72
18,Adelaide,11.1,16.9,84
19,Adelaide,10.3,19.8,60
20,Adelaide,10.3,20.3,88
21,Adelaide,12.5,16,83
22,Adelaide,10,15.8,78
23,Adelaide,7.5,16.6,76
24,Adelaide,5.1,16.1,59
25,Adelaide,8.3,18.7,76
26,Adelaide,9.7,15.7,60
27,Adelaide,10.2,15.6,80
28,Adelaide,10.4,15.6,74
29,Adelaide,6,17.8,53
30,Adelaide,7.8,18.7,66
31,Adelaide,8,19.4,64
32,Adelaide,11,24.9,58
33,Adelaide,15.3,24.5,32
34,Adelaide,14.6,18.8,61
35,Adelaide,14.2,19.8,77
36,Adelaide,11.7,22.6,53
37,Adelaide,13.1,17,61
38,Adelaide,8.5,15.5,52
39,Adelaide,6,17.1,54
40,Adelaide,7.7,22.7,32
41,Adelaide,15.7,24.7,43
42,Adelaide,14.4,14.9,85
43,Adelaide,11.4,18.3,61
44,Adelaide,11.8,17.4,62
45,Adelaide,12,17.6,56
46,Adelaide,6.9,20.1,65
47,Adelaide,9.3,24.9,48
48,Adelaide,15,23.3,49
49,Adelaide,12.7,25.1,34
50,Adelaide,14.7,26.1,53
51,Adelaide,15.9,21.2,79
52,Adelaide,15.5,20,79
53,Adelaide,14.7,17.5,86
54,Adelaide,14.1,18.9,81
55,Adelaide,13.4,18.5,80
56,Adelaide,13.3,18.1,80
57,Adelaide,13.4,18.4,61
58,Adelaide,13.8,18,55
59,Adelaide,12.9,18.9,56
60,Adelaide,10.3,26.9,64
61,Adelaide,12.9,15.2,77
62,Adelaide,9,15.6,74
63,Adelaide,8.2,17.5,66
64,Adelaide,10.6,17.6,57
65,Adelaide,6.7,20.2,56
66,Adelaide,11.2,25.6,34
67,Adelaide,11.6,26,43
68,Adelaide,15.8,30.3,44
69,Adelaide,18.7,31.4,35
70,Adelaide,22.1,34.1,27
71,Adelaide,17,21.5,69
72,Adelaide,16.2,24.2,64
73,Adelaide,17.1,21.8,83
74,Adelaide,15.8,21.3,73
75,Adelaide,13.2,18.3,55
76,Adelaide,9.4,17.4,51
77,Adelaide,10.6,18.4,57
78,Adelaide,7.2,21.8,52
79,Adelaide,15.7,25.1,87
80,Adelaide,15,23.5,79
81,Adelaide,11.7,18.7,67
82,Adelaide,9.9,16.4,55
83,Adelaide,12.9,17.7,63
84,Adelaide,13.2,18.7,54
85,Adelaide,9.1,23.6,63
86,Adelaide,10.9,32.5,20
87,Adelaide,21.8,25.9,59
88,Adelaide,15.2,19.6,67
89,Adelaide,12.5,18.7,55
90,Adelaide,14.6,19.4,55
91,Adelaide,11.7,22.6,64
92,Adelaide,12,26.7,52
93,Adelaide,13.5,25,62
94,Adelaide,13.2,33.1,19
95,Adelaide,15.2,35,45
96,Adelaide,15.2,23,46
97,Adelaide,10.2,24,53
98,Adelaide,14.1,20.7,51
99,Adelaide,9.9,20.8,51
100,Adelaide,12.8,26.3,31
101,Adelaide,15.7,35.8,25
102,Adelaide,17.2,20.8,69
103,Adelaide,13.8,19.7,70
104,Adelaide,13.5,19.4,65
105,Adelaide,10.5,20.4,46
106,Adelaide,9.7,21.5,39
107,Adelaide,11.9,23.2,36
108,Adelaide,14.7,28.2,28
109,Adelaide,17.5,30.7,27
110,Adelaide,20.2,34,18
111,Adelaide,24.3,32.2,26
112,Adelaide,19.1,25.5,67
113,Adelaide,17.2,22.9,68
114,Adelaide,13.7,21.7,64
115,Adelaide,11.6,23,61
116,Adelaide,13.3,27.6,44
117,Adelaide,17.1,35.2,49
118,Adelaide,25.7,40,20
119,Adelaide,17.8,21.6,48
120,Adelaide,11.8,24.6,36
121,Adelaide,14.5,27.7,48
122,Adelaide,13.5,30.5,59
123,Adelaide,17,32.2,38
124,Adelaide,16.8,26.9,58
125,Adelaide,16.5,24.1,46
126,Adelaide,14.9,22.9,38
127,Adelaide,14,24.8,39
128,Adelaide,15.9,28.8,60
129,Adelaide,18.3,35.1,31
130,Adelaide,20.2,36.1,34
131,Adelaide,17.5,31.1,34
132,Adelaide,15.9,29.5,51
133,Adelaide,15.9,27.1,50
134,Adelaide,15.8,33.1,61
135,Adelaide,17.1,34.7,41
136,Adelaide,25.7,40.4,15
137,Adelaide,16.3,25.3,39
138,Adelaide,17.4,34.3,50
139,Adelaide,22.1,38.1,57
140,Adelaide,18.5,21.6,59
141,Adelaide,14.8,22.8,36
142,Adelaide,13.5,25.1,35
143,Adelaide,15.4,27.7,37
144,Adelaide,15.7,30.1,45
145,Adelaide,16.1,29.9,49
146,Adelaide,17,29.5,46
147,Adelaide,14.4,24.4,57
148,Adelaide,14.7,27.8,54
149,Adelaide,13.4,37.8,22
150,Adelaide,24.1,27.6,58
151,Adelaide,19.2,23.5,59
152,Adelaide,16,25.2,53
153,Adelaide,13.8,23.5,57
154,Adelaide,12.7,22.1,69
155,Adelaide,15.9,20.8,76
156,Adelaide,13.4,19.2,70
157,Adelaide,12.5,21,58
158,Adelaide,11.5,22.5,55
159,Adelaide,11.7,28.7,62
160,Adelaide,13.4,32.3,52
161,Adelaide,15.9,31.3,60
162,Adelaide,15.6,35.3,30
163,Adelaide,18.5,24.4,61
164,Adelaide,19,23.1,60
165,Adelaide,14.3,23.8,46
166,Adelaide,13.2,25.4,55
167,Adelaide,13.9,26.9,56
168,Adelaide,16,35.2,18
169,Adelaide,21.9,39.3,10
170,Adelaide,19,24,70
171,Adelaide,13.4,25.1,60
172,Adelaide,12.8,25.7,50
173,Adelaide,15,34.3,33
174,Adelaide,23,36.8,23
175,Adelaide,21.9,35.5,26
176,Adelaide,25.6,39.6,36
177,Adelaide,30.1,37.9,30
178,Adelaide,17.8,22.6,61
179,Adelaide,13.7,23.9,58
180,Adelaide,12.4,26.3,40
181,Adelaide,14.7,23.2,52
182,Adelaide,15.2,23.3,56
183,Adelaide,16.3,23.8,61
184,Adelaide,15.5,25,49
185,Adelaide,12.7,25.4,47
186,Adelaide,15,25.1,76
187,Adelaide,17.4,23.1,50
188,Adelaide,16.3,21.1,63
189,Adelaide,14.8,19.9,58
190,Adelaide,13.3,21.3,57
191,Adelaide,11.9,25.9,58
192,Adelaide,14.4,24,61
193,Adelaide,12.9,22.4,53
194,Adelaide,11.5,24,49
195,Adelaide,11.9,24,55
196,Adelaide,15.7,29.1,29
197,Adelaide,18,25.7,59
198,Adelaide,19.3,33.1,66
199,Adelaide,20.4,23.4,69
200,Adelaide,17,25.5,54
201,Adelaide,15.1,23.6,50
202,Adelaide,16.8,26.5,50
203,Adelaide,15.3,30.8,54
204,Adelaide,15.5,23.2,65
205,Adelaide,14.5,23.6,57
206,Adelaide,13.9,24.9,37
207,Adelaide,15.9,20.9,78
208,Adelaide,16,21.5,78
209,Adelaide,14.8,23.3,75
210,Adelaide,14.6,21.4,56
211,Adelaide,11.9,20.4,62
212,Adelaide,14.1,20.8,62
213,Adelaide,11.9,18.9,48
214,Adelaide,10.1,19.8,48
215,Adelaide,10.1,23.6,38
216,Adelaide,11.9,27.5,22
217,Adelaide,14.1,27.4,34
218,Adelaide,16.9,24.8,68
219,Adelaide,14.7,20.7,73
220,Adelaide,14.8,19.3,62
221,Adelaide,11.6,19,67
222,Adelaide,8.6,19.3,59
223,Adelaide,10,21.7,55
224,Adelaide,16.6,20.4,62
225,Adelaide,14.6,19.6,62
226,Adelaide,9.9,27.2,29
227,Adelaide,15.3,19.9,62
228,Adelaide,12.2,18.3,53
229,Adelaide,9.7,21.6,52
230,Adelaide,10.7,22.6,54
231,Adelaide,11.8,18.7,61
232,Adelaide,12.1,18.5,60
233,Adelaide,11.7,19.5,72
234,Adelaide,9.3,21.6,52
235,Adelaide,10.1,22.9,64
236,Adelaide,11.1,27.4,56
237,Adelaide,13.4,27.8,38
238,Adelaide,19,29.7,28
239,Adelaide,15.5,22.2,68
240,Adelaide,15.4,18.5,56
241,Adelaide,10.6,16.8,53
242,Adelaide,10.5,17.9,90
243,Adelaide,12.5,18.5,61
244,Adelaide,13.6,18.9,68
245,Adelaide,14.7,17.6,55
246,Adelaide,9.5,16.8,59
247,Adelaide,12.6,16.6,92
248,Adelaide,8.9,15.2,55
249,Adelaide,3.9,15.9,50
250,Adelaide,5.5,15,84
251,Adelaide,6.9,16.6,76
252,Adelaide,7,16.8,74
253,Adelaide,7.5,19.6,49
254,Adelaide,9,19.5,63
255,Adelaide,6.7,19.8,68
256,Adelaide,9,23.8,63
257,Adelaide,6.5,21.8,65
258,Adelaide,8.7,17.1,73
259,Adelaide,11,15.8,43
260,Adelaide,6.5,15.8,77
261,Adelaide,6.2,17,75
262,Adelaide,9.4,17,66
263,Adelaide,12.6,16.9,64
264,Adelaide,10.2,16.1,60
265,Adelaide,9.9,16.5,63
266,Adelaide,8.2,19.2,48
267,Adelaide,13.4,15.8,78
268,Adelaide,9.2,15.5,67
269,Adelaide,11.7,16.2,80
270,Adelaide,13,18.1,89
271,Adelaide,14.1,17.6,86
272,Adelaide,14.3,17.6,87
273,Adelaide,12.6,19.4,68
274,Adelaide,12.3,18.6,77
275,Adelaide,12,20.3,59
276,Adelaide,13.8,25.3,51
277,Adelaide,15.8,22.2,51
278,Adelaide,14.5,19.3,75
279,Adelaide,14.1,23.7,42
280,Adelaide,14,21.8,67
281,Adelaide,12.7,17.1,67
282,Adelaide,11.6,16.3,65
283,Adelaide,9.1,16.5,71
284,Adelaide,6.7,18.1,61
285,Adelaide,11.4,19.1,53
286,Adelaide,11.5,15.9,76
287,Adelaide,11.8,14.9,91
288,Adelaide,9.4,17.1,63
289,Adelaide,9.7,18.3,44
290,Adelaide,10.9,14.8,87
291,Adelaide,5.4,15.5,58
292,Adelaide,9.4,13.8,64
293,Adelaide,7.2,14.9,52
294,Adelaide,8.2,14.2,81
295,Adelaide,9.5,13.6,82
296,Adelaide,8.9,14.9,76
297,Adelaide,9.9,13.9,76
298,Adelaide,10,14.9,72
299,Adelaide,10.5,15.6,76
300,Adelaide,8.5,12.8,74
301,Adelaide,8.5,14.9,59
302,Adelaide,7.2,13.6,74
303,Adelaide,9.7,15.4,66
304,Adelaide,9.9,15,72
305,Adelaide,5,14,66
306,Adelaide,6.5,12.7,79
307,Adelaide,7,14.5,66
308,Adelaide,7,17.4,50
309,Adelaide,11.2,14.2,79
310,Adelaide,9.3,15.3,73
311,Adelaide,11,15.1,65
312,Adelaide,12.1,15.3,88
313,Adelaide,11.9,16.3,72
314,Adelaide,11,16.4,64
315,Adelaide,5.7,16.1,58
316,Adelaide,6.6,16.2,54
317,Adelaide,8.8,17.1,48
318,Adelaide,6.9,14.1,80
319,Adelaide,6.1,13.6,64
320,Adelaide,2,16,57
321,Adelaide,2.6,15.1,77
322,Adelaide,2.1,17.2,48
323,Adelaide,11.1,14.7,72
324,Adelaide,3.5,14.3,63
325,Adelaide,8.2,14.6,93
326,Adelaide,5.9,13.9,74
327,Adelaide,6.7,13.4,86
328,Adelaide,10.7,16.3,66
329,Adelaide,4.5,17,53
330,Adelaide,6.1,19,51
331,Adelaide,9.2,16.1,77
332,Adelaide,8.7,17,60
333,Adelaide,6.5,16.8,85
334,Adelaide,10.3,15.7,76
335,Adelaide,11.2,15.1,72
336,Adelaide,5.4,19.6,45
337,Adelaide,11.1,24.4,35
338,Adelaide,13.5,15,75
339,Adelaide,5.9,13.4,71
340,Adelaide,6.7,14.2,68
341,Adelaide,3.3,13.4,71
342,Adelaide,2.4,18,54
343,Adelaide,7.3,21.6,35
344,Adelaide,11.9,14.9,66
345,Adelaide,9.1,15,59
346,Adelaide,10.4,14,85
347,Adelaide,10.4,14.9,77
348,Adelaide,6.2,15,76
349,Adelaide,2.7,17.5,38
350,Adelaide,7.5,18.8,56
351,Adelaide,10.4,16.4,81
352,Adelaide,9.6,14.6,61
353,Adelaide,11.8,15.2,83
354,Adelaide,12.1,16,76
355,Adelaide,8.5,18.9,63
356,Adelaide,10.4,14.3,59
357,Adelaide,5.9,14.9,59
358,Adelaide,5.1,19.6,43
359,Adelaide,9,22.4,35
360,Adelaide,6.9,19.8,59
361,Adelaide,9.1,16,70
362,Adelaide,6.3,19.9,56
363,Adelaide,12,25.4,31
364,Adelaide,12.7,16,60
365,Adelaide,10.2,15.5,75
1,Darwin,24.8,33.2,58
2,Darwin,24.4,32.2,55
3,Darwin,24,34.2,44
4,Darwin,22.6,33,57
5,Darwin,23.6,32.1,58
6,Darwin,23.4,32.1,50
7,Darwin,22.9,32.4,51
8,Darwin,22.4,32.7,58
9,Darwin,23.1,32.6,56
10,Darwin,24.5,33.2,56
11,Darwin,25.1,33.1,50
12,Darwin,25.7,33.3,57
13,Darwin,25.2,35.2,58
14,Darwin,25.3,37.4,52
15,Darwin,24.4,34.9,39
16,Darwin,24.3,33.1,56
17,Darwin,24.9,33.9,56
18,Darwin,25.1,33.7,57
19,Darwin,25.7,34.6,51
20,Darwin,26.4,34.6,50
21,Darwin,25.7,36.9,44
22,Darwin,24.9,36.1,55
23,Darwin,25.8,34.2,60
24,Darwin,26.3,34.1,55
25,Darwin,27.4,33.1,61
26,Darwin,24.9,35.3,46
27,Darwin,25.7,33.3,50
28,Darwin,25.3,32,69
29,Darwin,23.1,32.8,50
30,Darwin,25.6,36,39
31,Darwin,23.7,29.7,78
32,Darwin,22.3,33.1,46
33,Darwin,25.4,33.7,55
34,Darwin,25.7,30.9,71
35,Darwin,24.3,33.2,68
36,Darwin,25.9,34.3,51
37,Darwin,25.5,33.2,66
38,Darwin,26,34.2,59
39,Darwin,21.7,33.4,67
40,Darwin,26,35.4,59
41,Darwin,26.4,33.8,60
42,Darwin,26.7,32.4,66
43,Darwin,26.4,33.9,56
44,Darwin,26.7,34,55
45,Darwin,26.8,34.3,66
46,Darwin,26.3,34.1,67
47,Darwin,25.9,34.2,58
48,Darwin,25.9,32.7,63
49,Darwin,23.1,31.8,75
50,Darwin,24.3,34,56
51,Darwin,24.5,34.7,63
52,Darwin,28.8,34.7,55
53,Darwin,28.2,33.9,67
54,Darwin,29.2,33.8,67
55,Darwin,28.9,34.2,58
56,Darwin,28.6,33.6,64
57,Darwin,28.6,34.3,61
58,Darwin,28.3,34.8,52
59,Darwin,26,34.8,50
60,Darwin,26.8,36.4,35
61,Darwin,26.6,35.2,50
62,Darwin,28.2,35.1,63
63,Darwin,28.5,35.6,63
64,Darwin,27.1,35.4,49
65,Darwin,25.7,35.4,58
66,Darwin,25.7,34.9,59
67,Darwin,26,34.7,55
68,Darwin,22.6,34.7,58
69,Darwin,27.1,35.1,56
70,Darwin,27.4,35.4,52
71,Darwin,28.6,34.7,56
72,Darwin,25.7,34.8,75
73,Darwin,24.3,34.6,58
74,Darwin,26.8,33.5,57
75,Darwin,26,34.7,60
76,Darwin,25.6,32.8,83
77,Darwin,25,33.3,67
78,Darwin,24.4,34,66
79,Darwin,24.7,34.4,88
80,Darwin,26.1,34.3,59
81,Darwin,26.9,34.1,62
82,Darwin,25.3,33.9,86
83,Darwin,25.7,33.8,81
84,Darwin,23.5,34,67
85,Darwin,24.9,34.4,57
86,Darwin,26.5,33.5,97
87,Darwin,22.9,32.3,87
88,Darwin,24.1,32.9,65
89,Darwin,23.9,31.3,70
90,Darwin,23.5,32,87
91,Darwin,23.8,33.8,51
92,Darwin,24.2,35.1,31
93,Darwin,25.3,36.1,56
94,Darwin,24.6,34.3,53
95,Darwin,25.8,34.4,53
96,Darwin,28.4,34.7,56
97,Darwin,28.3,34.8,46
98,Darwin,25.7,34.9,38
99,Darwin,25.2,34.2,51
100,Darwin,26.1,34.4,59
101,Darwin,26.7,34.5,60
102,Darwin,28.7,35.3,60
103,Darwin,26.3,35,52
104,Darwin,25.3,34.4,62
105,Darwin,24.6,34.1,55
106,Darwin,25.7,33.6,60
107,Darwin,24.3,33.7,60
108,Darwin,25.2,32.5,64
109,Darwin,23.2,32.1,66
110,Darwin,23.7,32.6,61
111,Darwin,24.6,34,59
112,Darwin,23.7,32.7,70
113,Darwin,24.6,29.3,85
114,Darwin,24.6,29.9,84
115,Darwin,24.7,31.1,79
116,Darwin,27.4,32.8,67
117,Darwin,26.4,33.5,65
118,Darwin,27,32.7,75
119,Darwin,25.1,30.6,64
120,Darwin,23.1,31.5,88
121,Darwin,24.3,28.8,82
122,Darwin,24.1,29.7,89
123,Darwin,24,32.2,67
124,Darwin,25,31.7,87
125,Darwin,23.4,30.7,82
126,Darwin,25.2,31.2,91
127,Darwin,26.2,30.4,77
128,Darwin,25.1,28.9,94
129,Darwin,24,31.6,73
130,Darwin,25.5,31.9,70
131,Darwin,26.7,32.2,61
132,Darwin,26.3,32.1,70
133,Darwin,26.6,32.9,61
134,Darwin,26.9,32.5,63
135,Darwin,27.1,33.2,61
136,Darwin,27.1,32.8,68
137,Darwin,25.2,32.4,66
138,Darwin,27.4,32.7,67
139,Darwin,27.3,32.5,75
140,Darwin,28.2,33,66
141,Darwin,24.4,29.4,93
142,Darwin,24.3,31.3,88
143,Darwin,24.8,33.7,71
144,Darwin,25.2,34.4,71
145,Darwin,26.9,34.9,73
146,Darwin,23.9,29.5,88
147,Darwin,25.7,30.3,85
148,Darwin,25.3,30.7,81
149,Darwin,24.4,32.8,64
150,Darwin,26.1,32,68
151,Darwin,25.7,29.4,96
152,Darwin,24.4,30.9,69
153,Darwin,25.3,32.3,69
154,Darwin,27.5,32.8,67
155,Darwin,26.1,31.3,83
156,Darwin,25.2,32.8,61
157,Darwin,22.7,31.3,67
158,Darwin,24.1,32.6,69
159,Darwin,25.3,32.7,61
160,Darwin,26.1,33.1,67
161,Darwin,27.6,33.1,65
162,Darwin,28.2,30,82
163,Darwin,25.3,30.7,77
164,Darwin,25.7,30.8,68
165,Darwin,24.6,30.1,73
166,Darwin,24.1,29.8,78
167,Darwin,25.4,32,71
168,Darwin,27,33.1,64
169,Darwin,27.9,33.7,69
170,Darwin,27.7,33.3,67
171,Darwin,27.6,32.4,65
172,Darwin,26.3,33.4,59
173,Darwin,25.9,30.4,89
174,Darwin,25,31,95
175,Darwin,24.2,30.1,75
176,Darwin,24,28.5,79
177,Darwin,23.6,28.1,83
178,Darwin,23.7,28.7,95
179,Darwin,24.3,31.6,89
180,Darwin,23.3,30.6,74
181,Darwin,24.4,31.5,70
182,Darwin,25.2,31.2,70
183,Darwin,25.6,31.3,72
184,Darwin,23.9,29.5,85
185,Darwin,23.9,31.9,71
186,Darwin,27.5,32.1,66
187,Darwin,27.9,31.3,85
188,Darwin,22.8,31.6,61
189,Darwin,24,31.9,74
190,Darwin,23.4,32.1,82
191,Darwin,24.1,31.6,59
192,Darwin,24.6,34.5,36
193,Darwin,25.2,33.1,62
194,Darwin,26.6,33.6,63
195,Darwin,27.6,30.8,79
196,Darwin,22.9,33.1,66
197,Darwin,25.3,32.5,68
198,Darwin,25.9,32,71
199,Darwin,25.3,34,67
200,Darwin,23.4,32.8,75
201,Darwin,24.3,33.9,63
202,Darwin,25.2,29.8,82
203,Darwin,24.1,31.4,73
204,Darwin,25.2,33.6,65
205,Darwin,25.6,34.5,51
206,Darwin,24.8,34.1,51
207,Darwin,24.4,34,56
208,Darwin,25.9,34.4,65
209,Darwin,23.8,32.2,65
210,Darwin,24.2,33.6,63
211,Darwin,25.6,32.8,68
212,Darwin,25.1,33.1,63
213,Darwin,26.1,34.5,66
214,Darwin,25.5,34,68
215,Darwin,23.4,32.5,67
216,Darwin,25.4,33.9,65
217,Darwin,25,34.5,63
218,Darwin,25.8,29.8,75
219,Darwin,24.7,30.7,76
220,Darwin,23.9,32.2,66
221,Darwin,25.3,31.2,78
222,Darwin,24.3,31.7,67
223,Darwin,24.7,31.9,68
224,Darwin,26.1,32.8,68
225,Darwin,25.6,34.1,67
226,Darwin,24.4,31.9,69
227,Darwin,26.2,31.2,81
228,Darwin,26,32,77
229,Darwin,23.5,30,55
230,Darwin,21.3,30.9,47
231,Darwin,18.6,32.3,30
232,Darwin,21.4,31.8,61
233,Darwin,24,32,59
234,Darwin,24.5,33.3,46
235,Darwin,22.9,33.4,37
236,Darwin,24,34.3,47
237,Darwin,24.8,34.1,67
238,Darwin,25,33.9,55
239,Darwin,25.7,34.4,51
240,Darwin,25.4,33.8,49
241,Darwin,24.3,33,58
242,Darwin,23.8,33.7,63
243,Darwin,25.4,33.6,39
244,Darwin,24.5,33.5,38
245,Darwin,22.3,32.9,39
246,Darwin,21.7,34.3,41
247,Darwin,24,34,47
248,Darwin,25,34.8,50
249,Darwin,24.8,34.5,35
250,Darwin,23,32.7,34
251,Darwin,22.9,32.1,36
252,Darwin,20.9,31.5,31
253,Darwin,19.8,31.7,32
254,Darwin,17.5,31.2,19
255,Darwin,19.1,32.4,36
256,Darwin,20.8,32.9,47
257,Darwin,21.9,33.4,59
258,Darwin,23.6,34.5,35
259,Darwin,23,33,34
260,Darwin,20.7,31.4,28
261,Darwin,19.3,30.9,29
262,Darwin,18.9,30.5,27
263,Darwin,17.5,29.2,23
264,Darwin,17.5,30.2,27
265,Darwin,18.4,32.4,45
266,Darwin,21.2,31.9,41
267,Darwin,18.1,31.4,28
268,Darwin,19.1,33.1,36
269,Darwin,21.8,31.3,30
270,Darwin,18.1,30,26
271,Darwin,16.7,30.2,26
272,Darwin,16.7,30.5,29
273,Darwin,18.8,30.9,32
274,Darwin,17.4,31.8,54
275,Darwin,21.1,31.5,51
276,Darwin,21.1,31.1,50
277,Darwin,20.5,32.4,43
278,Darwin,22,32.3,58
279,Darwin,21.7,34.1,44
280,Darwin,22.1,34,50
281,Darwin,24.3,34.1,50
282,Darwin,23.8,33.8,40
283,Darwin,22.2,33.6,31
284,Darwin,21.9,32.6,28
285,Darwin,20.7,32.3,52
286,Darwin,19.7,33,28
287,Darwin,20,32.4,37
288,Darwin,21.2,33,24
289,Darwin,20.1,32.2,22
290,Darwin,19.2,31.7,23
291,Darwin,17.4,31.7,26
292,Darwin,20.4,31.8,46
293,Darwin,21.5,32.8,37
294,Darwin,21.2,31.8,54
295,Darwin,22.1,31.1,58
296,Darwin,21.8,32.3,55
297,Darwin,22.4,32,60
298,Darwin,22.4,32.9,50
299,Darwin,25.1,32.8,40
300,Darwin,22.6,33.4,48
301,Darwin,23.7,33,47
302,Darwin,24.8,32.9,39
303,Darwin,22.3,32.1,37
304,Darwin,22.3,31,44
305,Darwin,20.4,28.8,52
306,Darwin,20.1,30.7,45
307,Darwin,20.8,31,53
308,Darwin,21.8,32.3,63
309,Darwin,21.9,31.7,63
310,Darwin,21.8,33.8,39
311,Darwin,22.3,33,30
312,Darwin,19.6,30.7,27
313,Darwin,19.6,32.8,44
314,Darwin,23.2,32.8,33
315,Darwin,21.6,33.6,37
316,Darwin,22.2,32.7,40
317,Darwin,22.5,33.2,35
318,Darwin,21.6,32.9,49
319,Darwin,22,31.3,41
320,Darwin,23.2,32.4,30
321,Darwin,20.2,31.9,38
322,Darwin,20.9,32.2,25
323,Darwin,17.3,31.9,34
324,Darwin,20.4,32.4,37
325,Darwin,20.5,33.1,29
326,Darwin,21.4,29.4,23
327,Darwin,15.9,26.4,16
328,Darwin,13.4,26,24
329,Darwin,14.6,28.6,27
330,Darwin,17.6,29.7,50
331,Darwin,19.9,32,52
332,Darwin,21.8,32.4,51
333,Darwin,20.4,34.3,28
334,Darwin,19.9,34.7,26
335,Darwin,19.8,34.3,19
336,Darwin,19.5,33.9,31
337,Darwin,20.8,33.8,30
338,Darwin,21.9,32.3,55
339,Darwin,24.2,33.8,25
340,Darwin,21.9,32.9,25
341,Darwin,20,32,22
342,Darwin,20.4,32.4,25
343,Darwin,22.9,33.2,23
344,Darwin,22.5,32.8,26
345,Darwin,21,32.7,28
346,Darwin,23,32.7,29
347,Darwin,20.2,32.9,41
348,Darwin,20.6,32.9,33
349,Darwin,21.7,31.7,50
350,Darwin,20.1,31.7,43
351,Darwin,20.4,30.8,54
352,Darwin,20.9,31.2,57
353,Darwin,20.7,34.6,25
354,Darwin,20.3,33.8,18
355,Darwin,19.1,32.6,40
356,Darwin,19.1,33,56
357,Darwin,20.2,34.7,20
358,Darwin,20.1,35.3,18
359,Darwin,19.9,35.3,20
360,Darwin,20.9,34.8,18
361,Darwin,20.5,34.1,25
362,Darwin,21.2,34.3,29
363,Darwin,20.9,34.8,18
364,Darwin,19.9,34.3,40
365,Darwin,19.2,32,51
1,Melbourne,6.1,16,49
2,Melbourne,9.6,12.8,51
3,Melbourne,6.9,14.8,62
4,Melbourne,7.4,12.7,75
5,Melbourne,7.2,16,43
6,Melbourne,4.3,17,50
7,Melbourne,7.6,20.6,39
8,Melbourne,12.6,17.3,72
9,Melbourne,11.1,21,42
10,Melbourne,10.9,15.6,61
11,Melbourne,9.6,16.4,46
12,Melbourne,8.6,13.6,56
13,Melbourne,6.4,12.7,59
14,Melbourne,3.5,18.1,39
15,Melbourne,9.9,17.4,71
16,Melbourne,10,17.2,81
17,Melbourne,9.5,14,84
18,Melbourne,9.1,15.6,67
19,Melbourne,9,15.3,75
20,Melbourne,7,20.1,41
21,Melbourne,11.6,21.1,47
22,Melbourne,9.4,16.9,78
23,Melbourne,13.3,17.9,100
24,Melbourne,10.9,14.7,57
25,Melbourne,5.3,18.8,41
26,Melbourne,11.5,16,81
27,Melbourne,11.2,15.9,84
28,Melbourne,12.7,16,76
29,Melbourne,11,15.6,71
30,Melbourne,8.8,20.1,50
31,Melbourne,6.9,18.3,49
32,Melbourne,7.2,17.7,46
33,Melbourne,7,21.2,37
34,Melbourne,9.5,16,61
35,Melbourne,10.5,14.5,85
36,Melbourne,11.6,21.5,64
37,Melbourne,14.4,19.6,77
38,Melbourne,9.6,15.2,61
39,Melbourne,7.1,15.1,43
40,Melbourne,5.3,18,33
41,Melbourne,8.4,22.2,42
42,Melbourne,11.4,18.8,100
43,Melbourne,15.4,17.5,85
44,Melbourne,10.3,18.3,58
45,Melbourne,10,19,40
46,Melbourne,11.4,16.2,58
47,Melbourne,6.2,15.2,57
48,Melbourne,6.8,21.6,43
49,Melbourne,7.8,20.7,51
50,Melbourne,9.6,20.9,61
51,Melbourne,13.2,26.3,56
52,Melbourne,16.1,19.8,82
53,Melbourne,13.9,20.3,65
54,Melbourne,13.2,20.6,66
55,Melbourne,15.6,23.7,60
56,Melbourne,15.4,19.9,81
57,Melbourne,14.7,18.6,80
58,Melbourne,11.1,15.6,66
59,Melbourne,10,17.8,80
60,Melbourne,8.5,21.6,42
61,Melbourne,12.2,22.4,52
62,Melbourne,8.5,13.3,59
63,Melbourne,6.9,15.7,54
64,Melbourne,9.1,15.4,67
65,Melbourne,10.2,17.8,56
66,Melbourne,11.8,22.7,65
67,Melbourne,11.6,27.1,33
68,Melbourne,13.9,25.9,66
69,Melbourne,14.6,27.6,43
70,Melbourne,15.6,29.3,37
71,Melbourne,19.8,26.4,44
72,Melbourne,18.7,20.2,81
73,Melbourne,14.2,19.3,66
74,Melbourne,15.4,24.8,59
75,Melbourne,13,17.4,87
76,Melbourne,8,13.1,72
77,Melbourne,7.2,14.8,51
78,Melbourne,9.6,16.3,63
79,Melbourne,7.2,24.5,47
80,Melbourne,12.5,22.3,65
81,Melbourne,11.8,20.6,36
82,Melbourne,9.4,13.8,64
83,Melbourne,8.7,18.2,58
84,Melbourne,11.6,17.7,77
85,Melbourne,12.4,19.2,63
86,Melbourne,11.6,20.6,51
87,Melbourne,10.9,27.3,33
88,Melbourne,14.7,20.5,51
89,Melbourne,9.7,18.8,46
90,Melbourne,12.2,18.4,52
91,Melbourne,11.6,18.4,52
92,Melbourne,12.1,18.8,63
93,Melbourne,9.4,21.4,62
94,Melbourne,13.6,31,42
95,Melbourne,17.3,34.5,28
96,Melbourne,16.2,18.1,70
97,Melbourne,13.4,20,56
98,Melbourne,13.1,19.3,62
99,Melbourne,9.4,16,48
100,Melbourne,9.9,17.6,51
101,Melbourne,8.1,25.9,32
102,Melbourne,14,28.6,35
103,Melbourne,11.5,17.3,59
104,Melbourne,11.6,17.9,86
105,Melbourne,9,15.8,77
106,Melbourne,11.1,16.6,57
107,Melbourne,10.8,20.3,47
108,Melbourne,10.9,22.3,44
109,Melbourne,11.7,23.7,41
110,Melbourne,9.8,26,39
111,Melbourne,10.2,27.3,32
112,Melbourne,12.9,29.4,27
113,Melbourne,16.8,25.2,82
114,Melbourne,15.7,23.1,76
115,Melbourne,16.7,23.5,53
116,Melbourne,12.9,31.9,31
117,Melbourne,17,27.5,67
118,Melbourne,17.7,37.3,26
119,Melbourne,25,27.6,71
120,Melbourne,14,19.3,55
121,Melbourne,12.6,26.2,52
122,Melbourne,17.9,30.3,54
123,Melbourne,18.4,35.9,34
124,Melbourne,22.1,32,80
125,Melbourne,15.2,21.1,58
126,Melbourne,15,18.7,76
127,Melbourne,14.1,21.6,65
128,Melbourne,13.3,25.6,39
129,Melbourne,13.2,30.2,34
130,Melbourne,14.9,31.9,28
131,Melbourne,18.4,26.2,75
132,Melbourne,16.9,21.6,63
133,Melbourne,15.9,29.9,49
134,Melbourne,18.7,24,73
135,Melbourne,18,24.2,70
136,Melbourne,20.2,37.6,26
137,Melbourne,18,20.6,58
138,Melbourne,15.1,27,50
139,Melbourne,16.3,37.2,31
140,Melbourne,19.8,19.9,85
141,Melbourne,14.7,19.3,53
142,Melbourne,15.5,21,49
143,Melbourne,13.8,23,66
144,Melbourne,17.2,23.4,70
145,Melbourne,18.2,28,46
146,Melbourne,17.6,28.6,36
147,Melbourne,17.2,30,50
148,Melbourne,15.9,21.6,56
149,Melbourne,13.5,26.8,45
150,Melbourne,15.2,34.2,18
151,Melbourne,19.5,23.8,77
152,Melbourne,17.9,21.7,63
153,Melbourne,15.6,22.2,51
154,Melbourne,14.9,21,65
155,Melbourne,14.2,21.3,39
156,Melbourne,11.4,18.8,44
157,Melbourne,11.7,20.7,58
158,Melbourne,13.8,19.8,59
159,Melbourne,16,20.9,60
160,Melbourne,16.6,20.4,60
161,Melbourne,15,22.2,64
162,Melbourne,13.2,26.4,56
163,Melbourne,16.2,26.7,61
164,Melbourne,15.8,25.7,65
165,Melbourne,17.3,20.7,47
166,Melbourne,15.8,20.9,55
167,Melbourne,12,22.2,52
168,Melbourne,12.6,32.4,31
169,Melbourne,17.1,37.2,24
170,Melbourne,22.8,40.5,16
171,Melbourne,17.4,24.9,50
172,Melbourne,14.9,27.9,35
173,Melbourne,14.9,24,60
174,Melbourne,17.7,22.2,40
175,Melbourne,14.6,30.6,44
176,Melbourne,17.5,32.4,32
177,Melbourne,19.6,32.3,30
178,Melbourne,22.2,26.7,43
179,Melbourne,15.7,23.4,54
180,Melbourne,16.3,20.2,72
181,Melbourne,16.5,17.6,97
182,Melbourne,14.3,21.1,61
183,Melbourne,14.5,21.7,59
184,Melbourne,15.5,19.8,54
185,Melbourne,14.1,31.4,36
186,Melbourne,16.5,32.9,31
187,Melbourne,15.5,25.3,37
188,Melbourne,15.4,23.2,39
189,Melbourne,12.3,19.4,35
190,Melbourne,12.9,22.1,52
191,Melbourne,14.5,24,51
192,Melbourne,13.3,24.7,47
193,Melbourne,15.5,20.7,58
194,Melbourne,11.7,22.4,55
195,Melbourne,15.9,30.5,34
196,Melbourne,17.6,22.9,69
197,Melbourne,17.3,28.5,40
198,Melbourne,15.8,24.6,41
199,Melbourne,14.6,36.2,27
200,Melbourne,17.3,19,70
201,Melbourne,14.9,20.8,42
202,Melbourne,11.7,19.4,65
203,Melbourne,13.5,22.8,65
204,Melbourne,15.3,22.6,68
205,Melbourne,16.1,21.6,55
206,Melbourne,11.6,19.6,55
207,Melbourne,10.7,19.9,63
208,Melbourne,13.9,18.3,81
209,Melbourne,15.5,20.9,69
210,Melbourne,14.9,18.5,60
211,Melbourne,12.4,19.1,57
212,Melbourne,14.1,19.4,67
213,Melbourne,11.3,16.4,62
214,Melbourne,8.7,18.3,54
215,Melbourne,8.8,22.6,63
216,Melbourne,12,21.7,73
217,Melbourne,13.8,18.4,68
218,Melbourne,13.4,26.3,40
219,Melbourne,16.1,19.9,62
220,Melbourne,13.7,18,76
221,Melbourne,10.5,15.5,60
222,Melbourne,10.1,15.2,64
223,Melbourne,11.9,19.1,61
224,Melbourne,12.6,19.3,64
225,Melbourne,11.2,22.8,52
226,Melbourne,10.8,25.4,44
227,Melbourne,13.8,21.2,69
228,Melbourne,12.1,17.2,68
229,Melbourne,8.7,20.7,57
230,Melbourne,13.4,22.8,48
231,Melbourne,14.4,17.5,53
232,Melbourne,7.8,18.5,58
233,Melbourne,11.3,19,64
234,Melbourne,14.6,19.2,64
235,Melbourne,14.8,19,71
236,Melbourne,11,24.9,47
237,Melbourne,12.7,25.9,38
238,Melbourne,12,24.6,43
239,Melbourne,16,22.6,50
240,Melbourne,16.3,21.6,75
241,Melbourne,9,15.9,55
242,Melbourne,5,16.3,53
243,Melbourne,7.3,18.1,54
244,Melbourne,11.3,20.3,57
245,Melbourne,11.2,15.7,61
246,Melbourne,8.1,15.6,58
247,Melbourne,10.4,17.9,52
248,Melbourne,9.8,13.5,64
249,Melbourne,6.6,13.4,62
250,Melbourne,7.4,15.2,65
251,Melbourne,10,16.5,68
252,Melbourne,11.2,15.3,76
253,Melbourne,6.8,18.4,53
254,Melbourne,7.7,18.4,64
255,Melbourne,9.3,16.8,73
256,Melbourne,7,20.7,46
257,Melbourne,8.2,22.1,41
258,Melbourne,10.5,13.7,62
259,Melbourne,4.7,14.8,45
260,Melbourne,5.8,13.7,60
261,Melbourne,5.8,14.6,75
262,Melbourne,8.7,15,57
263,Melbourne,9.2,14.9,60
264,Melbourne,7.7,16.4,52
265,Melbourne,10.2,16.8,52
266,Melbourne,9.6,15.9,55
267,Melbourne,10.8,15,75
268,Melbourne,7.6,14.4,63
269,Melbourne,9.8,15.8,46
270,Melbourne,10.9,16.5,80
271,Melbourne,10,17,62
272,Melbourne,12.7,18.7,64
273,Melbourne,14,17.7,63
274,Melbourne,12.5,14.7,49
275,Melbourne,5.8,15.2,52
276,Melbourne,7.1,15.2,86
277,Melbourne,8,18.4,71
278,Melbourne,9.4,20.1,57
279,Melbourne,11.1,17.4,74
280,Melbourne,13.7,18.4,81
281,Melbourne,13.9,16.9,52
282,Melbourne,10.3,15.6,39
283,Melbourne,8.2,15.5,55
284,Melbourne,10.3,17,55
285,Melbourne,10.7,15.3,53
286,Melbourne,9.9,14.6,65
287,Melbourne,9.4,16.2,49
288,Melbourne,9.7,15.6,66
289,Melbourne,11.6,17.6,50
290,Melbourne,10.1,16.5,48
291,Melbourne,7.4,14.6,50
292,Melbourne,7.4,11.9,63
293,Melbourne,5,12.1,67
294,Melbourne,4.2,11.8,56
295,Melbourne,6.6,13.7,49
296,Melbourne,7.8,11.3,68
297,Melbourne,8.8,15.1,77
298,Melbourne,8.5,13.2,63
299,Melbourne,9.1,16,55
300,Melbourne,6.6,14.9,71
301,Melbourne,8.9,12.7,90
302,Melbourne,6.2,12.9,64
303,Melbourne,8.4,15.2,62
304,Melbourne,9.7,13.5,89
305,Melbourne,9.6,12.8,83
306,Melbourne,8.2,14.5,64
307,Melbourne,8.3,13.6,77
308,Melbourne,10.8,14.7,56
309,Melbourne,10,15.2,56
310,Melbourne,9.9,15.5,50
311,Melbourne,10.5,14.9,50
312,Melbourne,10.9,16.9,58
313,Melbourne,11.9,17.1,56
314,Melbourne,11.6,17.6,54
315,Melbourne,11.1,17.7,45
316,Melbourne,9.5,15.9,52
317,Melbourne,11,14.7,57
318,Melbourne,10.1,12.5,75
319,Melbourne,4.8,14.8,60
320,Melbourne,4,16.5,49
321,Melbourne,7.6,14.6,55
322,Melbourne,4.7,14.3,48
323,Melbourne,5.8,13.4,68
324,Melbourne,6.7,13.9,57
325,Melbourne,5.7,15.8,48
326,Melbourne,7.2,13.1,81
327,Melbourne,6.1,13.5,77
328,Melbourne,9.6,14.8,57
329,Melbourne,4.9,14.7,57
330,Melbourne,6.8,17.2,52
331,Melbourne,9.6,18.9,50
332,Melbourne,11.1,18.8,49
333,Melbourne,10.1,17.9,53
334,Melbourne,10.6,16.9,50
335,Melbourne,11.5,14.9,54
336,Melbourne,5.8,17.1,50
337,Melbourne,7.8,19.8,45
338,Melbourne,13.4,18.2,63
339,Melbourne,9.3,13.6,57
340,Melbourne,8.6,13.4,77
341,Melbourne,9,13.7,63
342,Melbourne,4.7,14.2,67
343,Melbourne,5.5,18.4,47
344,Melbourne,10.6,14.5,60
345,Melbourne,8.2,15.7,51
346,Melbourne,11,16,87
347,Melbourne,7.2,12.9,69
348,Melbourne,3.4,12.7,52
349,Melbourne,3.4,13.1,54
350,Melbourne,1.6,15.8,39
351,Melbourne,5.3,12.5,53
352,Melbourne,8.9,13.5,55
353,Melbourne,9.4,18.2,60
354,Melbourne,12.9,19.2,41
355,Melbourne,11.5,17.8,64
356,Melbourne,13.2,14.3,97
357,Melbourne,5.6,17,50
358,Melbourne,8.6,17.9,48
359,Melbourne,11.1,19.8,43
360,Melbourne,11.1,15.5,62
361,Melbourne,8.9,15.7,67
362,Melbourne,9.5,16.6,77
363,Melbourne,10.8,18.4,66
364,Melbourne,12.7,14.9,84
365,Melbourne,6.9,15.8,84
1,Hobart,7.1,14.6,93
2,Hobart,0.8,14,54
3,Hobart,5.1,13.4,66
4,Hobart,2.6,12.9,70
5,Hobart,7,11.8,72
6,Hobart,5.4,11.9,70
7,Hobart,4,14.6,62
8,Hobart,5.5,16,83
9,Hobart,8.2,19.5,67
10,Hobart,11.7,14.7,87
11,Hobart,8.1,13.3,52
12,Hobart,3.7,10.3,56
13,Hobart,2.3,11.5,63
14,Hobart,0.7,15,44
15,Hobart,1.9,15.6,54
16,Hobart,6.5,12.9,94
17,Hobart,8.8,16.6,60
18,Hobart,5.8,14.2,72
19,Hobart,5.9,14.8,58
20,Hobart,3.8,17.5,56
21,Hobart,10.9,18.7,60
22,Hobart,9.3,22.1,63
23,Hobart,10.7,16.2,91
24,Hobart,8.5,11.7,73
25,Hobart,3.7,15.9,53
26,Hobart,6.2,18,55
27,Hobart,8.1,16.5,64
28,Hobart,6.1,13.7,70
29,Hobart,6.6,12.3,61
30,Hobart,2.4,13.4,56
31,Hobart,2.5,15.4,46
32,Hobart,4.7,17.9,50
33,Hobart,5.9,14.7,59
34,Hobart,5,12.2,54
35,Hobart,2.5,13.3,53
36,Hobart,5.9,13.9,73
37,Hobart,11.1,21.2,53
38,Hobart,7.7,15.3,44
39,Hobart,2.8,14,52
40,Hobart,5.4,17.4,55
41,Hobart,6.9,18.8,58
42,Hobart,8.5,18.1,70
43,Hobart,12.9,17.4,79
44,Hobart,11,16.4,56
45,Hobart,8.8,16.9,79
46,Hobart,7,15.2,57
47,Hobart,7.9,13.9,64
48,Hobart,5.1,19.3,53
49,Hobart,9.8,18.5,60
50,Hobart,5.1,16.5,72
51,Hobart,9.3,24.1,63
52,Hobart,14.3,19.2,98
53,Hobart,9.3,14.5,65
54,Hobart,10.2,14.5,74
55,Hobart,10.3,16.7,88
56,Hobart,12.6,15.7,97
57,Hobart,12.3,15.2,89
58,Hobart,12.3,16.3,92
59,Hobart,10,14.6,55
60,Hobart,5.8,18.1,50
61,Hobart,10.8,22.3,49
62,Hobart,7.6,13.8,60
63,Hobart,4.9,14.6,57
64,Hobart,6,18.3,51
65,Hobart,5.9,18,57
66,Hobart,9.2,17.4,69
67,Hobart,9.1,24.4,32
68,Hobart,13,21.1,58
69,Hobart,10.4,27.1,29
70,Hobart,12,26.5,51
71,Hobart,15.2,26.8,47
72,Hobart,16.5,23.5,86
73,Hobart,10.9,16.1,52
74,Hobart,5.5,13.4,95
75,Hobart,10.8,15.3,80
76,Hobart,5.7,10.9,76
77,Hobart,7,12.8,58
78,Hobart,8.3,15.9,67
79,Hobart,6.5,17.3,61
80,Hobart,10.6,21,61
81,Hobart,12.7,17.9,50
82,Hobart,7.7,12.5,61
83,Hobart,4.9,16.5,48
84,Hobart,8.8,18.8,39
85,Hobart,11.1,20,52
86,Hobart,9.6,15,82
87,Hobart,6.7,18.1,59
88,Hobart,11.7,18.5,72
89,Hobart,7.4,18.4,53
90,Hobart,6.5,18.4,43
91,Hobart,9.7,20.4,56
92,Hobart,9.8,15.7,55
93,Hobart,7.8,21.1,57
94,Hobart,9.2,26.1,34
95,Hobart,13.6,19.2,70
96,Hobart,11.8,14.2,85
97,Hobart,10.6,16.2,55
98,Hobart,7.1,16.6,62
99,Hobart,8.7,15.4,45
100,Hobart,7.6,17.2,65
101,Hobart,10.3,19.1,56
102,Hobart,10.4,19.6,67
103,Hobart,13.2,17.9,72
104,Hobart,10.9,19.3,67
105,Hobart,9.4,14.2,58
106,Hobart,8.6,12.1,84
107,Hobart,9.5,15.3,72
108,Hobart,9.8,15.2,77
109,Hobart,6.9,17.6,64
110,Hobart,8.4,17.3,75
111,Hobart,8.5,17.2,66
112,Hobart,12.5,20.2,55
113,Hobart,9.6,22.9,49
114,Hobart,10.8,23.8,67
115,Hobart,14.1,23,45
116,Hobart,11.4,26.3,49
117,Hobart,16.2,21.8,67
118,Hobart,13.5,34.1,56
119,Hobart,19.6,28.5,41
120,Hobart,7.8,20.2,42
121,Hobart,9.6,22.6,53
122,Hobart,14.8,26.6,57
123,Hobart,15.6,27.3,61
124,Hobart,19.6,24.5,78
125,Hobart,9.9,15.6,58
126,Hobart,12.1,18.4,54
127,Hobart,9.3,18.1,58
128,Hobart,12.5,19.4,55
129,Hobart,9.1,22.9,54
130,Hobart,10.2,27.6,39
131,Hobart,13.7,23.5,70
132,Hobart,13.9,20.5,54
133,Hobart,10.1,26.9,51
134,Hobart,11.6,22.6,58
135,Hobart,14.2,26.8,55
136,Hobart,18.1,29.5,51
137,Hobart,17.7,21.6,45
138,Hobart,8.3,21.3,47
139,Hobart,13.5,28.9,52
140,Hobart,17.4,23.3,46
141,Hobart,10.4,18.2,52
142,Hobart,11.9,21.5,54
143,Hobart,10.2,21.5,67
144,Hobart,14.5,21.9,68
145,Hobart,11.4,25.6,69
146,Hobart,13.3,26.4,48
147,Hobart,13.4,27.4,50
148,Hobart,14.9,21.3,50
149,Hobart,10.3,26.2,46
150,Hobart,15.8,32.9,31
151,Hobart,13.2,21.9,41
152,Hobart,15.4,25,50
153,Hobart,16.2,25.2,54
154,Hobart,13.3,20.5,54
155,Hobart,9.6,20.9,55
156,Hobart,7.3,20.2,48
157,Hobart,11.9,17.9,89
158,Hobart,12.2,22.8,52
159,Hobart,13.4,24.8,34
160,Hobart,7.7,21.5,55
161,Hobart,13.1,17.8,60
162,Hobart,13.7,22.9,58
163,Hobart,14.2,21.4,73
164,Hobart,14.9,23.3,66
165,Hobart,14.1,21.9,41
166,Hobart,8.1,21.7,43
167,Hobart,8.6,22.9,44
168,Hobart,10.8,25.2,53
169,Hobart,10.9,24.8,47
170,Hobart,14.6,36.6,25
171,Hobart,9.7,23.1,54
172,Hobart,12.1,31.9,23
173,Hobart,14.3,17.8,83
174,Hobart,10,18.2,52
175,Hobart,6.9,21.1,39
176,Hobart,11.1,27.2,33
177,Hobart,15.5,31,32
178,Hobart,18.6,32.5,54
179,Hobart,15.9,21.1,97
180,Hobart,13.2,18.3,57
181,Hobart,13.2,19.8,64
182,Hobart,11.3,23.2,38
183,Hobart,15.9,24.9,37
184,Hobart,10.6,18.3,45
185,Hobart,8.6,22.5,51
186,Hobart,13.7,30.9,36
187,Hobart,15.5,24.2,45
188,Hobart,14.1,21.3,36
189,Hobart,6.7,17.2,43
190,Hobart,9.8,20.8,51
191,Hobart,12.2,22.8,39
192,Hobart,10.7,22.7,50
193,Hobart,6.9,17.9,56
194,Hobart,6.5,22.4,47
195,Hobart,10.2,25,50
196,Hobart,11.3,25,50
197,Hobart,15.7,22.2,32
198,Hobart,11.3,20.5,41
199,Hobart,13.3,26.1,43
200,Hobart,12.3,20.3,43
201,Hobart,8.6,16.5,47
202,Hobart,5.1,18.4,46
203,Hobart,8.5,16.7,65
204,Hobart,8.4,20.1,51
205,Hobart,7.2,22.8,37
206,Hobart,9.5,18.8,50
207,Hobart,6.4,18.2,59
208,Hobart,10.1,17.4,56
209,Hobart,11.5,15.2,91
210,Hobart,11.7,20.2,65
211,Hobart,13,16,72
212,Hobart,10.7,16.3,64
213,Hobart,5.4,18.4,47
214,Hobart,10,19.7,47
215,Hobart,7.6,21.4,46
216,Hobart,10.7,21.9,52
217,Hobart,7.9,16.8,58
218,Hobart,9.3,20.6,56
219,Hobart,10.8,16.9,84
220,Hobart,12.2,17.5,56
221,Hobart,6.7,12.8,66
222,Hobart,6.9,12.7,87
223,Hobart,10,16.5,88
224,Hobart,7.3,15.6,97
225,Hobart,11.7,17.6,71
226,Hobart,6.8,16.3,64
227,Hobart,7.5,19,70
228,Hobart,12.5,14.9,74
229,Hobart,4.4,21.2,43
230,Hobart,5.7,23.1,53
231,Hobart,11.7,15.6,51
232,Hobart,7.3,19.1,61
233,Hobart,14.7,23,52
234,Hobart,13.7,22.9,46
235,Hobart,5.6,17.8,46
236,Hobart,5.2,21.9,53
237,Hobart,7.1,22.1,48
238,Hobart,10.6,22.8,51
239,Hobart,10.4,21,61
240,Hobart,7.8,22.6,41
241,Hobart,3.3,17,35
242,Hobart,6.9,20.2,41
243,Hobart,6.6,12.3,93
244,Hobart,9.1,18.6,79
245,Hobart,3.9,11.7,87
246,Hobart,4.2,15.3,51
247,Hobart,4.6,17.7,68
248,Hobart,1.5,12.5,57
249,Hobart,1,11.5,56
250,Hobart,1.7,16.2,87
251,Hobart,4,15.3,58
252,Hobart,5.5,16.4,54
253,Hobart,3.4,16.4,59
254,Hobart,6,17.6,43
255,Hobart,6.1,16.5,52
256,Hobart,3.4,17.5,42
257,Hobart,3.1,19.6,53
258,Hobart,8.3,12,53
259,Hobart,3.4,13.8,47
260,Hobart,1.5,14.4,52
261,Hobart,4.1,11.9,60
262,Hobart,3.4,14,56
263,Hobart,7,14.5,49
264,Hobart,2.8,18.2,49
265,Hobart,12,16.2,56
266,Hobart,11.7,19.4,51
267,Hobart,11.5,15.3,52
268,Hobart,5.5,14.5,58
269,Hobart,8.7,15.6,51
270,Hobart,7.6,16,48
271,Hobart,7,15.5,48
272,Hobart,7.6,17.8,59
273,Hobart,13.3,19.7,46
274,Hobart,6.4,13,52
275,Hobart,5.9,14.6,60
276,Hobart,5.2,12.8,49
277,Hobart,0.4,12.8,62
278,Hobart,-0.6,14.3,62
279,Hobart,4.1,14.2,79
280,Hobart,7.1,18.6,64
281,Hobart,10,16.1,72
282,Hobart,5.9,12.4,56
283,Hobart,6.7,14.9,61
284,Hobart,9.5,17.5,59
285,Hobart,6.4,16.1,60
286,Hobart,5.1,14.9,66
287,Hobart,4.4,15.8,76
288,Hobart,4,16.4,66
289,Hobart,2,19.3,42
290,Hobart,10.6,18.4,46
291,Hobart,1.9,14,43
292,Hobart,5,10.5,53
293,Hobart,-0.4,11.9,51
294,Hobart,0.6,10.8,58
295,Hobart,1,11.8,68
296,Hobart,3.4,12,98
297,Hobart,8,14.4,69
298,Hobart,3.2,14.6,76
299,Hobart,5.4,13.7,62
300,Hobart,5.4,15,56
301,Hobart,5.5,10.4,54
302,Hobart,2.2,11.7,70
303,Hobart,3.6,15.1,60
304,Hobart,6.2,12.8,53
305,Hobart,6.9,15.7,49
306,Hobart,-1.2,13,58
307,Hobart,1.5,10.4,70
308,Hobart,4.3,14,70
309,Hobart,5.5,15.9,57
310,Hobart,6.9,15,58
311,Hobart,5.7,14.5,52
312,Hobart,7.3,14.1,63
313,Hobart,9.4,16.2,51
314,Hobart,9,17.3,52
315,Hobart,9.7,16.7,53
316,Hobart,13,19.4,35
317,Hobart,12,16.9,45
318,Hobart,9,12.5,48
319,Hobart,7.6,15,53
320,Hobart,10.5,16.6,45
321,Hobart,10.1,14,86
322,Hobart,5.1,10.6,57
323,Hobart,0.7,13.9,57
324,Hobart,-0.9,13.3,48
325,Hobart,2.8,16.2,59
326,Hobart,3,14.4,56
327,Hobart,6.5,17.2,48
328,Hobart,4,14.5,53
329,Hobart,4.5,17.2,57
330,Hobart,7,14.4,58
331,Hobart,5.2,17.8,45
332,Hobart,7.6,18.6,49
333,Hobart,11.4,17.2,56
334,Hobart,5.5,12.5,44
335,Hobart,6.1,12.7,43
336,Hobart,5.3,15.7,51
337,Hobart,7.3,19.2,38
338,Hobart,9.7,16.9,63
339,Hobart,9.1,15.3,52
340,Hobart,8,16,58
341,Hobart,2.7,15.4,50
342,Hobart,3.6,14.8,55
343,Hobart,1.4,16.1,53
344,Hobart,7.1,17.6,44
345,Hobart,3.3,16.6,57
346,Hobart,7.2,13,58
347,Hobart,2.7,10.9,60
348,Hobart,0.4,11.4,58
349,Hobart,0.8,12.8,43
350,Hobart,0.5,16.4,50
351,Hobart,5.8,13.8,72
352,Hobart,7.8,13.3,61
353,Hobart,5.1,17.4,50
354,Hobart,2.9,18.2,45
355,Hobart,4.5,20.1,37
356,Hobart,8.8,13.1,92
357,Hobart,3.3,16.2,58
358,Hobart,5.6,19.9,44
359,Hobart,9.3,15.1,63
360,Hobart,2.4,12.1,48
361,Hobart,0.1,12.8,51
362,Hobart,0.7,16.8,65
363,Hobart,6.2,20.6,40
364,Hobart,7.8,15.2,56
365,Hobart,8,16.4,44
1,Perth,10.4,22.4,36
2,Perth,12.6,20.7,44
3,Perth,11.7,16.1,72
4,Perth,13,20.4,68
5,Perth,12.6,18.5,56
6,Perth,9.4,17.9,63
7,Perth,6.3,19.2,63
8,Perth,7.8,18.8,55
9,Perth,8.4,21.8,47
10,Perth,7.6,22.3,49
11,Perth,6.7,24.7,40
12,Perth,9.8,23.5,63
13,Perth,12.4,19.2,63
14,Perth,12.9,18.7,59
15,Perth,11.3,18.9,56
16,Perth,10.6,20.2,56
17,Perth,7.6,20.4,58
18,Perth,11.5,21.3,54
19,Perth,11.2,17.8,65
20,Perth,10.5,20.1,64
21,Perth,9.5,21.1,57
22,Perth,9.4,19.2,37
23,Perth,5,20.1,50
24,Perth,10.7,18.3,46
25,Perth,4.5,19.6,58
26,Perth,6.9,22.5,52
27,Perth,7.9,25.4,37
28,Perth,9.5,27.8,42
29,Perth,13.9,28.9,20
30,Perth,15,28.2,26
31,Perth,13.7,26.7,30
32,Perth,12.5,22.6,38
33,Perth,11.5,21.7,39
34,Perth,10.4,26,29
35,Perth,14.8,19.2,52
36,Perth,7.8,19.4,49
37,Perth,8.4,20.7,41
38,Perth,5.6,24.6,37
39,Perth,7.6,21.7,56
40,Perth,12.3,18.5,47
41,Perth,5.5,19.4,35
42,Perth,5.9,19.4,42
43,Perth,4.8,20,41
44,Perth,5.6,21.1,34
45,Perth,6.7,22.7,37
46,Perth,7,21,39
47,Perth,10.6,21.4,44
48,Perth,11.3,25.4,47
49,Perth,10.6,32,31
50,Perth,15,23.8,56
51,Perth,14.2,21.6,53
52,Perth,13.8,23.4,53
53,Perth,12.2,21.2,88
54,Perth,13.4,21.7,60
55,Perth,13.2,21.5,47
56,Perth,8.6,22.7,47
57,Perth,11.4,23.7,45
58,Perth,13,26.5,35
59,Perth,13.6,17.9,73
60,Perth,9.4,18,47
61,Perth,5.5,20.4,46
62,Perth,6.8,21.1,54
63,Perth,14,26.2,45
64,Perth,15.9,33.8,19
65,Perth,15.9,23.3,56
66,Perth,11.5,24.8,51
67,Perth,13.6,27.3,51
68,Perth,12.2,22.5,53
69,Perth,15,24.6,53
70,Perth,14.7,23.6,47
71,Perth,10.3,22.3,55
72,Perth,11.5,20.2,47
73,Perth,6.5,20.3,46
74,Perth,11.2,22.7,48
75,Perth,11.6,25.8,23
76,Perth,12.7,29.3,23
77,Perth,11.3,29.5,54
78,Perth,12.9,20.4,85
79,Perth,11,16.9,47
80,Perth,9.1,20.3,55
81,Perth,9.2,23.5,49
82,Perth,12.9,29,32
83,Perth,15.9,34.8,17
84,Perth,16.9,24.8,61
85,Perth,17.9,24.5,41
86,Perth,12.4,24,53
87,Perth,10.7,25.3,44
88,Perth,13.5,25.9,47
89,Perth,13.7,30.1,29
90,Perth,15.9,37.4,15
91,Perth,24,30,60
92,Perth,19.6,23.2,65
93,Perth,15.3,23.7,49
94,Perth,15.6,27.4,49
95,Perth,17.1,30.2,35
96,Perth,15.5,28.3,52
97,Perth,17.1,26.3,45
98,Perth,14.6,31.7,28
99,Perth,19,25.8,59
100,Perth,16.9,24.1,44
101,Perth,13,25.4,29
102,Perth,14.4,27.8,22
103,Perth,14,29.5,22
104,Perth,14.9,22.9,53
105,Perth,14.4,30.7,34
106,Perth,17.2,31.1,36
107,Perth,15.9,30.6,23
108,Perth,16.2,31,33
109,Perth,18.5,33.1,20
110,Perth,19.8,36.3,18
111,Perth,21,37,18
112,Perth,19.4,34.1,27
113,Perth,19.3,36.2,19
114,Perth,20.4,36.8,19
115,Perth,18.2,31.8,44
116,Perth,17.4,29.6,42
117,Perth,17.3,25.8,54
118,Perth,15,25.4,47
119,Perth,14.4,30.8,30
120,Perth,16.1,34.8,21
121,Perth,14.9,31.7,38
122,Perth,17.3,26.3,51
123,Perth,16,27.4,45
124,Perth,15.5,33.4,19
125,Perth,17.2,34.6,21
126,Perth,17.1,35.5,19
127,Perth,19.5,37.6,13
128,Perth,22.1,32.2,64
129,Perth,13.7,25.9,44
130,Perth,15,28.7,46
131,Perth,17.6,37.5,21
132,Perth,22.9,34.8,60
133,Perth,19.4,26.1,50
134,Perth,15.5,30.9,41
135,Perth,18.4,27.1,54
136,Perth,14.8,31.6,19
137,Perth,16.1,31.3,38
138,Perth,16.7,25.1,51
139,Perth,14.1,29.1,23
140,Perth,15.2,32.2,23
141,Perth,17.2,34.9,23
142,Perth,20.4,37.6,22
143,Perth,23.3,39.5,16
144,Perth,22.7,32.2,52
145,Perth,19.4,34.4,44
146,Perth,17.7,32.4,44
147,Perth,18.8,31.9,39
148,Perth,17.9,32.4,37
149,Perth,17.3,27.2,57
150,Perth,16.5,31.3,38
151,Perth,18.1,38.4,21
152,Perth,23.5,38.1,25
153,Perth,22,34.4,38
154,Perth,18.4,32.8,31
155,Perth,16.2,34.3,14
156,Perth,18,35.3,21
157,Perth,22.4,39,15
158,Perth,22.4,33.3,56
159,Perth,20.5,26.9,54
160,Perth,17.8,28.4,53
161,Perth,17.2,30.6,47
162,Perth,17.6,31.6,45
163,Perth,16.6,28.8,45
164,Perth,15.9,28.4,44
165,Perth,16.4,33,35
166,Perth,18.5,36.6,34
167,Perth,19.6,25.8,50
168,Perth,16.6,26.9,51
169,Perth,13.8,26.9,45
170,Perth,15.8,28.8,49
171,Perth,18.5,35.7,37
172,Perth,20.2,34.9,42
173,Perth,19.6,37.6,26
174,Perth,20.8,32.8,51
175,Perth,18.9,28.8,56
176,Perth,17.5,25.9,44
177,Perth,13.7,30,18
178,Perth,17,33.5,20
179,Perth,19.1,35.6,18
180,Perth,21.2,37,16
181,Perth,20.8,36.7,23
182,Perth,19.1,36.7,23
183,Perth,23.9,36.9,19
184,Perth,18.5,30.8,50
185,Perth,17.7,27.1,47
186,Perth,15.1,26.3,47
187,Perth,15.9,27.2,48
188,Perth,15.7,31.7,27
189,Perth,16.1,32.8,30
190,Perth,17.9,27.3,55
191,Perth,16,28.5,35
192,Perth,16.8,32.4,36
193,Perth,14.5,33.2,32
194,Perth,16.2,28.4,44
195,Perth,16.3,29.9,45
196,Perth,14.5,31,40
197,Perth,15.1,27.7,93
198,Perth,14.6,26.1,43
199,Perth,14.2,26.4,46
200,Perth,16.6,32.6,24
201,Perth,20.5,36.5,26
202,Perth,23.2,33.4,33
203,Perth,18.5,31.3,48
204,Perth,18.2,29.2,51
205,Perth,16.4,24.4,81
206,Perth,16.8,30.8,49
207,Perth,18.5,27,48
208,Perth,16.1,26.4,42
209,Perth,15.3,27.5,28
210,Perth,16.1,30.1,34
211,Perth,19.8,31.3,33
212,Perth,16.3,21.9,67
213,Perth,17.5,25.4,59
214,Perth,15.2,27.1,49
215,Perth,14.6,27.7,51
216,Perth,16,24.7,50
217,Perth,9.9,23.6,49
218,Perth,11.6,25.8,39
219,Perth,15.5,23.9,64
220,Perth,14,20,61
221,Perth,16.3,23.8,52
222,Perth,11.7,24.7,56
223,Perth,15.7,23.5,52
224,Perth,14.8,23.7,58
225,Perth,14.2,24.5,77
226,Perth,10.7,19.4,43
227,Perth,9,20.4,63
228,Perth,13.5,23.1,56
229,Perth,11.3,24.2,65
230,Perth,12.3,23.5,36
231,Perth,11.7,24.8,35
232,Perth,10.4,25.5,29
233,Perth,8.6,28.4,28
234,Perth,9.5,30.3,19
235,Perth,9,29.9,47
236,Perth,15.1,18.7,70
237,Perth,8.1,19.2,75
238,Perth,13.3,22,59
239,Perth,14.4,20.5,50
240,Perth,6.6,20.2,41
241,Perth,5.1,20.8,46
242,Perth,7.3,23,45
243,Perth,7.6,23.5,38
244,Perth,9.7,25.3,36
245,Perth,10.9,28.8,31
246,Perth,9.4,25.7,40
247,Perth,14.3,20.4,56
248,Perth,11.5,16.9,72
249,Perth,11.6,20.1,61
250,Perth,15.4,24.5,37
251,Perth,16.4,26.3,62
252,Perth,15.5,20.2,65
253,Perth,11.1,19.7,46
254,Perth,5.4,23.3,33
255,Perth,10.5,20.6,66
256,Perth,6.9,19.9,50
257,Perth,8.7,21.1,43
258,Perth,6.6,24,40
259,Perth,10.9,26.1,33
260,Perth,13.1,26.7,23
261,Perth,10.7,25.9,25
262,Perth,12,23.4,37
263,Perth,9,21.6,36
264,Perth,9.4,21.3,40
265,Perth,9.8,24.3,61
266,Perth,14.5,19.6,45
267,Perth,5.7,18.6,44
268,Perth,6.4,18.7,42
269,Perth,2.7,19.9,39
270,Perth,3.8,20.8,38
271,Perth,8.7,22.1,36
272,Perth,13.1,23.9,64
273,Perth,13.4,21.4,99
274,Perth,10.7,19,57
275,Perth,5.9,18.3,47
276,Perth,4.1,18.8,45
277,Perth,6.6,21.1,57
278,Perth,12.1,14.4,71
279,Perth,6.5,14.4,92
280,Perth,7.8,15.8,70
281,Perth,9.5,17.4,97
282,Perth,12.6,20,57
283,Perth,11.8,19.3,92
284,Perth,13.1,18,55
285,Perth,8.8,17.5,61
286,Perth,9.3,20.2,59
287,Perth,12.1,18.3,50
288,Perth,12,20,63
289,Perth,15.2,19.5,65
290,Perth,6.2,16,50
291,Perth,5.5,17.2,45
292,Perth,3.8,18.5,38
293,Perth,6.3,16.3,65
294,Perth,9.3,15.6,56
295,Perth,5.8,18,63
296,Perth,9,15.2,72
297,Perth,8.7,15.9,84
298,Perth,10.1,15.7,54
299,Perth,4,14.6,50
300,Perth,0.7,16.2,53
301,Perth,4,18.1,50
302,Perth,2.8,16.9,47
303,Perth,2.6,16.8,44
304,Perth,1.3,17.7,45
305,Perth,3.1,19.4,32
306,Perth,7.7,18.5,99
307,Perth,11,17.3,52
308,Perth,10.8,16.3,57
309,Perth,9.8,17.9,60
310,Perth,11.5,19.3,68
311,Perth,11.2,18.6,68
312,Perth,12.3,20.3,60
313,Perth,12.8,18.7,65
314,Perth,10.1,19.9,59
315,Perth,12.5,20.9,64
316,Perth,15.2,19.5,61
317,Perth,11.4,16.8,44
318,Perth,2.8,16.4,42
319,Perth,1.9,19,34
320,Perth,6.8,20.7,50
321,Perth,7.6,19.4,65
322,Perth,10.9,15.7,48
323,Perth,7.6,17,70
324,Perth,9.9,18.9,64
325,Perth,6.5,19.1,50
326,Perth,4.4,20.8,36
327,Perth,6.6,21.6,31
328,Perth,9.2,16.9,61
329,Perth,10.2,15.9,92
330,Perth,10.7,16.6,65
331,Perth,11,19.3,68
332,Perth,13.2,19.6,75
333,Perth,12.3,18.3,76
334,Perth,7.9,20.4,49
335,Perth,6.6,25,32
336,Perth,13.4,20.2,70
337,Perth,6.5,15.1,46
338,Perth,3.7,16.8,47
339,Perth,3.9,19.3,42
340,Perth,4.5,22.1,45
341,Perth,10.4,22,62
342,Perth,15.4,22.1,68
343,Perth,7.4,18.9,48
344,Perth,8.2,14.5,86
345,Perth,10.1,19.2,48
346,Perth,5.6,16.6,60
347,Perth,9.9,19.5,49
348,Perth,7.6,20.4,52
349,Perth,10.7,19,78
350,Perth,10,16.1,46
351,Perth,7.8,18.3,63
352,Perth,5.6,19.7,55
353,Perth,6,20.7,54
354,Perth,7,19.9,57
355,Perth,9.5,18.9,43
356,Perth,6.6,17.6,51
357,Perth,7.6,19.3,49
358,Perth,6,21.9,49
359,Perth,7.2,25,57
360,Perth,9.5,24.3,51
361,Perth,10.3,23.7,55
362,Perth,11.6,22.6,58
363,Perth,11.3,21.2,48
364,Perth,8,22.7,43
365,Perth,11,29.7,31
1,Sydney,13.7,20,75
2,Sydney,13.3,16.8,79
3,Sydney,10.7,16.3,84
4,Sydney,10.9,18.3,87
5,Sydney,8.8,17.8,55
6,Sydney,9.2,17.8,67
7,Sydney,9.7,20,59
8,Sydney,13.8,21,63
9,Sydney,14.3,21.4,61
10,Sydney,13.5,24,41
11,Sydney,11.5,22.6,38
12,Sydney,9.7,21.5,41
13,Sydney,11.2,17.3,52
14,Sydney,8.5,20.3,48
15,Sydney,11.7,18.3,93
16,Sydney,11.9,24.8,30
17,Sydney,15.9,23.2,36
18,Sydney,12,23.3,30
19,Sydney,12.1,23.9,30
20,Sydney,9.8,21.5,59
21,Sydney,15.2,20.4,83
22,Sydney,15.4,19.3,78
23,Sydney,15,19.9,81
24,Sydney,15.7,19.1,81
25,Sydney,11.5,23.1,53
26,Sydney,11.7,20.7,68
27,Sydney,13.8,22.8,61
28,Sydney,13.8,23.9,62
29,Sydney,12,20.1,90
30,Sydney,13.2,19,69
31,Sydney,13.6,19.9,53
32,Sydney,10.8,19.5,61
33,Sydney,9.9,20.9,58
34,Sydney,11,21.5,55
35,Sydney,13.8,16.9,90
36,Sydney,13.9,16.7,100
37,Sydney,14.7,21.5,86
38,Sydney,16,23.1,93
39,Sydney,10.3,17.4,60
40,Sydney,11,18.4,63
41,Sydney,12.9,21,57
42,Sydney,12.4,20.1,70
43,Sydney,14.2,21.6,63
44,Sydney,16.9,25.6,27
45,Sydney,13.3,23.6,53
46,Sydney,15.2,23.1,57
47,Sydney,14.2,19.2,71
48,Sydney,13.7,21.3,83
49,Sydney,16.7,25.3,72
50,Sydney,17.9,23.1,87
51,Sydney,18.6,23.3,84
52,Sydney,17.9,24.3,84
53,Sydney,17.9,22.3,82
54,Sydney,16.4,21.1,94
55,Sydney,17.4,27.3,73
56,Sydney,17.7,29,36
57,Sydney,18.2,28.2,65
58,Sydney,15.4,25.9,29
59,Sydney,15.1,27.5,29
60,Sydney,13.9,23.6,50
61,Sydney,16.5,27.6,60
62,Sydney,18.2,24,30
63,Sydney,11.1,20.5,29
64,Sydney,11.1,22,42
65,Sydney,13.4,23.1,55
66,Sydney,13.4,23.6,60
67,Sydney,13.3,24,59
68,Sydney,15.4,24.2,58
69,Sydney,16,24.2,59
70,Sydney,14.9,24.2,46
71,Sydney,14.9,24.4,55
72,Sydney,14.9,24.9,56
73,Sydney,16,27.9,51
74,Sydney,18.9,25.6,70
75,Sydney,18.1,27.9,34
76,Sydney,16.2,24.9,62
77,Sydney,13,21.6,56
78,Sydney,10,20.3,45
79,Sydney,12.4,22.2,47
80,Sydney,12.9,23.9,64
81,Sydney,18,27.4,30
82,Sydney,17.1,24.5,31
83,Sydney,11.7,24,28
84,Sydney,13.7,28.3,31
85,Sydney,15.8,25.4,48
86,Sydney,16.6,24.1,67
87,Sydney,17,23.3,48
88,Sydney,17,26.8,68
89,Sydney,17.1,23.8,63
90,Sydney,15.9,25.4,52
91,Sydney,16,22.9,56
92,Sydney,17.9,22.5,55
93,Sydney,16.5,25.3,50
94,Sydney,15.2,24.4,52
95,Sydney,15.4,26,45
96,Sydney,16.4,27.9,59
97,Sydney,17.4,24.2,52
98,Sydney,15.9,25.4,67
99,Sydney,18.4,22.9,42
100,Sydney,14.9,22.1,46
101,Sydney,15.2,24.4,48
102,Sydney,14.8,28.6,56
103,Sydney,20.2,29.6,44
104,Sydney,14,25.7,40
105,Sydney,15,25.3,21
106,Sydney,13.4,24,38
107,Sydney,12.5,21.8,46
108,Sydney,14.3,20.6,56
109,Sydney,13.4,20.8,71
110,Sydney,14.2,21.4,54
111,Sydney,13.6,23.4,46
112,Sydney,14.5,23.5,50
113,Sydney,14.8,23.5,60
114,Sydney,16.6,28.9,68
115,Sydney,18.5,29.7,59
116,Sydney,19.6,27.4,66
117,Sydney,19.3,28.4,72
118,Sydney,18.9,28.1,57
119,Sydney,19.6,27.8,58
120,Sydney,19.7,22.8,73
121,Sydney,18.8,24.9,72
122,Sydney,18.1,25.8,76
123,Sydney,20.1,27.4,73
124,Sydney,18.9,28.1,54
125,Sydney,20.5,27.8,60
126,Sydney,20.9,25.8,87
127,Sydney,17.1,23.2,60
128,Sydney,15.1,20.6,98
129,Sydney,16.6,22.8,59
130,Sydney,15.5,25.2,54
131,Sydney,15.6,27.3,57
132,Sydney,17,26.6,55
133,Sydney,20.7,27,56
134,Sydney,20.8,27.1,60
135,Sydney,19.4,27.3,66
136,Sydney,20,26.9,60
137,Sydney,18.8,28.6,58
138,Sydney,21.4,29.2,59
139,Sydney,20,28.6,66
140,Sydney,19.5,30.2,58
141,Sydney,18.7,20.3,71
142,Sydney,16.7,22,78
143,Sydney,16.5,25.5,58
144,Sydney,18.9,21.7,87
145,Sydney,16.8,27,55
146,Sydney,18.2,27.9,68
147,Sydney,18.1,28.4,67
148,Sydney,20.8,29.5,75
149,Sydney,21.2,28.3,71
150,Sydney,21.7,29.5,75
151,Sydney,23.9,29.7,79
152,Sydney,21.9,30,68
153,Sydney,20.4,27.6,63
154,Sydney,20,28.7,55
155,Sydney,21.6,29.1,68
156,Sydney,22.1,30.6,43
157,Sydney,17.5,28.9,22
158,Sydney,17.7,28,43
159,Sydney,20.5,28.4,65
160,Sydney,21.8,28.7,59
161,Sydney,21.1,28.2,74
162,Sydney,19.4,23.4,95
163,Sydney,17.8,28,72
164,Sydney,19.3,30.4,65
165,Sydney,21.5,27.3,64
166,Sydney,19.1,25.5,60
167,Sydney,18.3,21.2,99
168,Sydney,18.1,26.9,59
169,Sydney,18.2,28.3,57
170,Sydney,19.6,28.3,65
171,Sydney,20.7,30,65
172,Sydney,20.9,28.7,74
173,Sydney,21.6,29.4,66
174,Sydney,21.1,28.4,66
175,Sydney,18.9,21.6,91
176,Sydney,18.5,24.4,65
177,Sydney,16.9,26.8,53
178,Sydney,17.7,26.9,56
179,Sydney,18.7,29.4,61
180,Sydney,20.5,26.2,72
181,Sydney,20.8,27.7,64
182,Sydney,21.5,28.1,60
183,Sydney,19.4,27.1,67
184,Sydney,19.3,25.2,90
185,Sydney,19.5,28.1,62
186,Sydney,18.3,28.1,62
187,Sydney,19.7,37.9,28
188,Sydney,22.3,34,52
189,Sydney,18.8,30,41
190,Sydney,16.7,28.4,45
191,Sydney,16.6,27.4,59
192,Sydney,18.7,28.6,66
193,Sydney,20.4,27,70
194,Sydney,21.4,24.9,66
195,Sydney,20.4,23.8,89
196,Sydney,18.4,28.5,70
197,Sydney,18.9,36.2,32
198,Sydney,20,31.6,61
199,Sydney,20.7,29.1,65
200,Sydney,20.7,28.9,70
201,Sydney,21.6,23.6,71
202,Sydney,18.1,22.9,60
203,Sydney,18.7,24.2,72
204,Sydney,19.4,27.3,71
205,Sydney,17.5,25.5,73
206,Sydney,18.9,24.6,64
207,Sydney,19.1,26.1,69
208,Sydney,19.4,24.6,86
209,Sydney,19.5,24.8,81
210,Sydney,19.6,27.1,69
211,Sydney,15.6,25.7,34
212,Sydney,14.3,25.7,38
213,Sydney,14.8,20.3,93
214,Sydney,15.4,20.3,98
215,Sydney,15.2,23.8,74
216,Sydney,15.2,26.3,64
217,Sydney,15,25.4,60
218,Sydney,16,23,69
219,Sydney,15.6,24.8,65
220,Sydney,15.6,24.6,42
221,Sydney,14.9,21.8,34
222,Sydney,10.7,22.1,34
223,Sydney,11.2,22.4,53
224,Sydney,12.9,22,50
225,Sydney,13.8,22.8,67
226,Sydney,14.8,22.2,67
227,Sydney,13.4,25.6,65
228,Sydney,16.2,25.1,36
229,Sydney,12.9,22.7,63
230,Sydney,13,23.7,56
231,Sydney,13.9,25.5,59
232,Sydney,17.3,19.8,92
233,Sydney,13.8,21.6,78
234,Sydney,13.5,20,93
235,Sydney,14.8,23.7,65
236,Sydney,16.8,23.1,68
237,Sydney,15.6,23.7,60
238,Sydney,14.8,21.7,73
239,Sydney,14.9,25.2,62
240,Sydney,14.7,27.5,62
241,Sydney,17.2,18.6,93
242,Sydney,14.1,21.1,63
243,Sydney,10.6,21.3,43
244,Sydney,11.2,22.9,45
245,Sydney,13.9,23.7,28
246,Sydney,11.6,20.8,48
247,Sydney,10.9,22,60
248,Sydney,10.5,22.5,40
249,Sydney,10.2,15.9,48
250,Sydney,7.1,16.3,35
251,Sydney,9.9,19.2,51
252,Sydney,9.7,19.8,47
253,Sydney,10.8,21.7,62
254,Sydney,11.1,22.7,69
255,Sydney,12.6,20.9,65
256,Sydney,11.9,20,83
257,Sydney,12,20.9,72
258,Sydney,11.2,21.8,38
259,Sydney,11.8,17.8,64
260,Sydney,9.4,17.1,62
261,Sydney,8.5,19.8,35
262,Sydney,8.3,19.3,41
263,Sydney,10.2,19.4,47
264,Sydney,8.3,20.4,36
265,Sydney,7.7,19.7,51
266,Sydney,7.9,20.1,56
267,Sydney,8.1,20,48
268,Sydney,11.1,17.5,58
269,Sydney,6.9,19.2,35
270,Sydney,6.7,17.3,50
271,Sydney,9.7,21.2,39
272,Sydney,8.9,21.6,46
273,Sydney,10,20.8,57
274,Sydney,14.4,19.3,67
275,Sydney,12.1,19.8,78
276,Sydney,14.1,22,66
277,Sydney,14.6,18.4,65
278,Sydney,14.1,18.7,86
279,Sydney,13.7,19.2,75
280,Sydney,12.1,20.7,63
281,Sydney,12.8,17.8,81
282,Sydney,10,20.6,42
283,Sydney,8.9,19,39
284,Sydney,7.4,18.3,52
285,Sydney,7.5,19.3,65
286,Sydney,9,20.6,51
287,Sydney,10.2,18.6,31
288,Sydney,7.9,18.8,39
289,Sydney,8,19,53
290,Sydney,7.8,18.4,55
291,Sydney,7,19.3,36
292,Sydney,5.9,17.7,34
293,Sydney,6.8,15.3,40
294,Sydney,5.2,17.3,36
295,Sydney,7.1,15.2,70
296,Sydney,9.7,18.9,36
297,Sydney,9.3,20.2,38
298,Sydney,11.6,20.3,29
299,Sydney,10.8,19.5,33
300,Sydney,10.1,18.4,43
301,Sydney,11,11.7,96
302,Sydney,7.9,16.3,40
303,Sydney,7.5,18.9,41
304,Sydney,7.3,18.6,43
305,Sydney,7.9,17.8,56
306,Sydney,9.8,18.3,73
307,Sydney,11.1,15.9,93
308,Sydney,12.4,21.6,55
309,Sydney,9.4,17.6,52
310,Sydney,8.9,18.9,36
311,Sydney,8.7,19.7,32
312,Sydney,11.1,19,41
313,Sydney,9.7,19.9,42
314,Sydney,7.4,20.3,36
315,Sydney,7.8,19.6,59
316,Sydney,7.5,21.9,36
317,Sydney,8.3,23.3,35
318,Sydney,10.8,23.6,33
319,Sydney,13.5,18.1,90
320,Sydney,12,18.2,80
321,Sydney,10.2,21.9,39
322,Sydney,8.7,16,41
323,Sydney,5.1,19.5,35
324,Sydney,7.5,20.1,50
325,Sydney,7.1,17,53
326,Sydney,7.3,17.7,49
327,Sydney,9.8,17.1,68
328,Sydney,7.9,19.7,69
329,Sydney,8.3,20.7,53
330,Sydney,8.1,19.5,70
331,Sydney,10.4,24.4,35
332,Sydney,12.8,22.6,58
333,Sydney,11.6,25.2,35
334,Sydney,12.3,23.5,33
335,Sydney,10.7,21.9,37
336,Sydney,11.1,18.9,72
337,Sydney,9.7,21.7,64
338,Sydney,10.1,20.7,64
339,Sydney,12.1,16.4,66
340,Sydney,12.2,17,70
341,Sydney,10.8,16.3,76
342,Sydney,11,19.2,59
343,Sydney,11,20.9,57
344,Sydney,12.4,23.8,32
345,Sydney,9.2,19.7,55
346,Sydney,7.7,21.3,33
347,Sydney,11.5,18.5,71
348,Sydney,11.6,16,95
349,Sydney,8.3,16.7,66
350,Sydney,8.8,17.3,73
351,Sydney,8.2,21.3,45
352,Sydney,10.9,19.2,35
353,Sydney,8.9,19.1,42
354,Sydney,11,22.5,46
355,Sydney,11.5,21.6,59
356,Sydney,10.1,24.6,50
357,Sydney,11.4,18.6,86
358,Sydney,11.2,20.8,57
359,Sydney,9.1,20.5,55
360,Sydney,10.3,20.2,68
361,Sydney,10.5,20.5,61
362,Sydney,10.7,20.4,60
363,Sydney,11,20.9,63
364,Sydney,11.8,27.5,62
365,Sydney,11.5,20.5,69
